INSERT INTO chapter (id, text) VALUES (1, 'Capitulo 01');
INSERT INTO subchapter (id, chapter, text) VALUES (1, 1, 'Getting Started: The Easy Problems');
INSERT INTO topic (id, subchapter, text) VALUES (1, 1, 'Super Easy');
INSERT INTO exercise (id, chapter, subchapter, topic, text) VALUES (1, 1, 1, 1, '272  TEX Quotes');
INSERT INTO exercise (id, chapter, subchapter, topic, text) VALUES (2, 1, 1, 1, '1124  Celebrity jeopardy');
INSERT INTO exercise (id, chapter, subchapter, topic, text) VALUES (3, 1, 1, 1, '10550  Combination Lock');
INSERT INTO exercise (id, chapter, subchapter, topic, text) VALUES (4, 1, 1, 1, '11044  Searching for Nessy');
INSERT INTO exercise (id, chapter, subchapter, topic, text) VALUES (5, 1, 1, 1, '11172  Relational Operator ★');
INSERT INTO exercise (id, chapter, subchapter, topic, text) VALUES (6, 1, 1, 1, '11364  Parking');
INSERT INTO exercise (id, chapter, subchapter, topic, text) VALUES (7, 1, 1, 1, '11498  Division of Nlogonia ★');
INSERT INTO exercise (id, chapter, subchapter, topic, text) VALUES (8, 1, 1, 1, '11547  Automatic Answer');
INSERT INTO exercise (id, chapter, subchapter, topic, text) VALUES (9, 1, 1, 1, '11727  Cost Cutting ★');
INSERT INTO exercise (id, chapter, subchapter, topic, text) VALUES (10, 1, 1, 1, '12250  Language Detection');
INSERT INTO exercise (id, chapter, subchapter, topic, text) VALUES (11, 1, 1, 1, '12279  Emoogle Balance');
INSERT INTO exercise (id, chapter, subchapter, topic, text) VALUES (12, 1, 1, 1, '12289  One-Two-Three');
INSERT INTO exercise (id, chapter, subchapter, topic, text) VALUES (13, 1, 1, 1, '12372  Packing for Holiday');
INSERT INTO exercise (id, chapter, subchapter, topic, text) VALUES (14, 1, 1, 1, '12403  Save Setu');
INSERT INTO exercise (id, chapter, subchapter, topic, text) VALUES (15, 1, 1, 1, '12577  Hajj-e-Akbar');
INSERT INTO topic (id, subchapter, text) VALUES (2, 1, 'Easy');
INSERT INTO exercise (id, chapter, subchapter, topic, text) VALUES (16, 1, 1, 2, '621  Secret Research');
INSERT INTO exercise (id, chapter, subchapter, topic, text) VALUES (17, 1, 1, 2, '10114  Loansome Car Buyer ★');
INSERT INTO exercise (id, chapter, subchapter, topic, text) VALUES (18, 1, 1, 2, '10300  Ecological Premium');
INSERT INTO exercise (id, chapter, subchapter, topic, text) VALUES (19, 1, 1, 2, '10963  The Swallowing Ground');
INSERT INTO exercise (id, chapter, subchapter, topic, text) VALUES (20, 1, 1, 2, '11332  Summing Digits');
INSERT INTO exercise (id, chapter, subchapter, topic, text) VALUES (21, 1, 1, 2, '11559  Event Planning ★');
INSERT INTO exercise (id, chapter, subchapter, topic, text) VALUES (22, 1, 1, 2, '11679  Sub-prime');
INSERT INTO exercise (id, chapter, subchapter, topic, text) VALUES (23, 1, 1, 2, '11764  Jumping Mario');
INSERT INTO exercise (id, chapter, subchapter, topic, text) VALUES (24, 1, 1, 2, '11799  Horror Dash ★');
INSERT INTO exercise (id, chapter, subchapter, topic, text) VALUES (25, 1, 1, 2, '11942  Lumberjack Sequencing');
INSERT INTO exercise (id, chapter, subchapter, topic, text) VALUES (26, 1, 1, 2, '12015  Google is Feeling Lucky');
INSERT INTO exercise (id, chapter, subchapter, topic, text) VALUES (27, 1, 1, 2, '12157  Tariff Plan');
INSERT INTO exercise (id, chapter, subchapter, topic, text) VALUES (28, 1, 1, 2, '12468  Zapping');
INSERT INTO exercise (id, chapter, subchapter, topic, text) VALUES (29, 1, 1, 2, '12503  Robot Instructions');
INSERT INTO exercise (id, chapter, subchapter, topic, text) VALUES (30, 1, 1, 2, '12554  A Special "Happy Birthday" Song!!!');
INSERT INTO topic (id, subchapter, text) VALUES (3, 1, 'Medium');
INSERT INTO exercise (id, chapter, subchapter, topic, text) VALUES (31, 1, 1, 3, '119  Greedy Gift Givers');
INSERT INTO exercise (id, chapter, subchapter, topic, text) VALUES (32, 1, 1, 3, '573  The Snail ★');
INSERT INTO exercise (id, chapter, subchapter, topic, text) VALUES (33, 1, 1, 3, '661  Blowing Fuses');
INSERT INTO exercise (id, chapter, subchapter, topic, text) VALUES (34, 1, 1, 3, '10141  Request for Proposal ★');
INSERT INTO exercise (id, chapter, subchapter, topic, text) VALUES (35, 1, 1, 3, '10324  Zeros and Ones');
INSERT INTO exercise (id, chapter, subchapter, topic, text) VALUES (36, 1, 1, 3, '10424  Love Calculator');
INSERT INTO exercise (id, chapter, subchapter, topic, text) VALUES (37, 1, 1, 3, '10919  Prerequisites?');
INSERT INTO exercise (id, chapter, subchapter, topic, text) VALUES (38, 1, 1, 3, '11507  Bender B. Rodríguez Problem ★');
INSERT INTO exercise (id, chapter, subchapter, topic, text) VALUES (39, 1, 1, 3, '11586  Train Tracks');
INSERT INTO exercise (id, chapter, subchapter, topic, text) VALUES (40, 1, 1, 3, '11661  Burger Time?');
INSERT INTO exercise (id, chapter, subchapter, topic, text) VALUES (41, 1, 1, 3, '11683  Laser Sculpture');
INSERT INTO exercise (id, chapter, subchapter, topic, text) VALUES (42, 1, 1, 3, '11687  Digits');
INSERT INTO exercise (id, chapter, subchapter, topic, text) VALUES (43, 1, 1, 3, '11956  Brainfuck');
INSERT INTO exercise (id, chapter, subchapter, topic, text) VALUES (44, 1, 1, 3, '12478  Hardest Problem Ever (Easy)');
INSERT INTO subchapter (id, chapter, text) VALUES (2, 1, 'Ad Hoc Problems - Part 1');
INSERT INTO topic (id, subchapter, text) VALUES (4, 2, 'Game (Card)');
INSERT INTO exercise (id, chapter, subchapter, topic, text) VALUES (45, 1, 2, 4, '162  Beggar My Neighbour');
INSERT INTO exercise (id, chapter, subchapter, topic, text) VALUES (46, 1, 2, 4, '462  Bridge Hand Evaluator ★');
INSERT INTO exercise (id, chapter, subchapter, topic, text) VALUES (47, 1, 2, 4, '555  Bridge Hands');
INSERT INTO exercise (id, chapter, subchapter, topic, text) VALUES (48, 1, 2, 4, '10205  Stack ''em Up');
INSERT INTO exercise (id, chapter, subchapter, topic, text) VALUES (49, 1, 2, 4, '10315  Poker Hands');
INSERT INTO exercise (id, chapter, subchapter, topic, text) VALUES (50, 1, 2, 4, '10646  What is the Card? ★');
INSERT INTO exercise (id, chapter, subchapter, topic, text) VALUES (51, 1, 2, 4, '11225  Tarot scores.');
INSERT INTO exercise (id, chapter, subchapter, topic, text) VALUES (52, 1, 2, 4, '11678  Cards'' Exchange');
INSERT INTO exercise (id, chapter, subchapter, topic, text) VALUES (53, 1, 2, 4, '12247  Jollo ★');
INSERT INTO topic (id, subchapter, text) VALUES (5, 2, 'Game (Chess)');
INSERT INTO exercise (id, chapter, subchapter, topic, text) VALUES (54, 1, 2, 5, '255  Correct Move');
INSERT INTO exercise (id, chapter, subchapter, topic, text) VALUES (55, 1, 2, 5, '278  Chess ★');
INSERT INTO exercise (id, chapter, subchapter, topic, text) VALUES (56, 1, 2, 5, '696  How Many Knights ★');
INSERT INTO exercise (id, chapter, subchapter, topic, text) VALUES (57, 1, 2, 5, '10196  Check The Check');
INSERT INTO exercise (id, chapter, subchapter, topic, text) VALUES (58, 1, 2, 5, '10284  Chessboard in FEN ★');
INSERT INTO exercise (id, chapter, subchapter, topic, text) VALUES (59, 1, 2, 5, '10849  Move the bishop');
INSERT INTO exercise (id, chapter, subchapter, topic, text) VALUES (60, 1, 2, 5, '11494  Queen');
INSERT INTO topic (id, subchapter, text) VALUES (6, 2, 'Game (Others), Easier');
INSERT INTO exercise (id, chapter, subchapter, topic, text) VALUES (61, 1, 2, 6, '340  Master-Mind Hints');
INSERT INTO exercise (id, chapter, subchapter, topic, text) VALUES (62, 1, 2, 6, '489  Hangman Judge ★');
INSERT INTO exercise (id, chapter, subchapter, topic, text) VALUES (63, 1, 2, 6, '947  Master Mind Helper');
INSERT INTO exercise (id, chapter, subchapter, topic, text) VALUES (64, 1, 2, 6, '10189  Minesweeper ★');
INSERT INTO exercise (id, chapter, subchapter, topic, text) VALUES (65, 1, 2, 6, '10279  Mine Sweeper');
INSERT INTO exercise (id, chapter, subchapter, topic, text) VALUES (66, 1, 2, 6, '10409  Die Game');
INSERT INTO exercise (id, chapter, subchapter, topic, text) VALUES (67, 1, 2, 6, '10530  Guessing Game');
INSERT INTO exercise (id, chapter, subchapter, topic, text) VALUES (68, 1, 2, 6, '11459  Snakes and Ladders ★');
INSERT INTO exercise (id, chapter, subchapter, topic, text) VALUES (69, 1, 2, 6, '12239  Bingo!');
INSERT INTO topic (id, subchapter, text) VALUES (7, 2, 'Game (Others), Harder');
INSERT INTO exercise (id, chapter, subchapter, topic, text) VALUES (70, 1, 2, 7, '114  Simulation Wizardry');
INSERT INTO exercise (id, chapter, subchapter, topic, text) VALUES (71, 1, 2, 7, '141  The Spot Game');
INSERT INTO exercise (id, chapter, subchapter, topic, text) VALUES (72, 1, 2, 7, '220  Othello');
INSERT INTO exercise (id, chapter, subchapter, topic, text) VALUES (73, 1, 2, 7, '227  Puzzle');
INSERT INTO exercise (id, chapter, subchapter, topic, text) VALUES (74, 1, 2, 7, '232  Crossword Answers');
INSERT INTO exercise (id, chapter, subchapter, topic, text) VALUES (75, 1, 2, 7, '339  SameGame Simulation');
INSERT INTO exercise (id, chapter, subchapter, topic, text) VALUES (76, 1, 2, 7, '379  Hi-Q');
INSERT INTO exercise (id, chapter, subchapter, topic, text) VALUES (77, 1, 2, 7, '584  Bowling ★');
INSERT INTO exercise (id, chapter, subchapter, topic, text) VALUES (78, 1, 2, 7, '647  Chutes and Ladders');
INSERT INTO exercise (id, chapter, subchapter, topic, text) VALUES (79, 1, 2, 7, '10363  Tic Tac Toe');
INSERT INTO exercise (id, chapter, subchapter, topic, text) VALUES (80, 1, 2, 7, '10443  Rock ★');
INSERT INTO exercise (id, chapter, subchapter, topic, text) VALUES (81, 1, 2, 7, '10813  Traditional BINGO ★');
INSERT INTO exercise (id, chapter, subchapter, topic, text) VALUES (82, 1, 2, 7, '10903  Rock-Paper-Scissors Tournament');
INSERT INTO topic (id, subchapter, text) VALUES (8, 2, 'Palindrome');
INSERT INTO exercise (id, chapter, subchapter, topic, text) VALUES (83, 1, 2, 8, '353  Pesky Palindromes');
INSERT INTO exercise (id, chapter, subchapter, topic, text) VALUES (84, 1, 2, 8, '401  Palindromes ★');
INSERT INTO exercise (id, chapter, subchapter, topic, text) VALUES (85, 1, 2, 8, '10018  Reverse and Add');
INSERT INTO exercise (id, chapter, subchapter, topic, text) VALUES (86, 1, 2, 8, '10945  Mother bear ★');
INSERT INTO exercise (id, chapter, subchapter, topic, text) VALUES (87, 1, 2, 8, '11221  Magic square palindromes. ★');
INSERT INTO exercise (id, chapter, subchapter, topic, text) VALUES (88, 1, 2, 8, '11309  Counting Chaos');
INSERT INTO topic (id, subchapter, text) VALUES (9, 2, 'Anagram');
INSERT INTO exercise (id, chapter, subchapter, topic, text) VALUES (89, 1, 2, 9, '148  Anagram checker');
INSERT INTO exercise (id, chapter, subchapter, topic, text) VALUES (90, 1, 2, 9, '156  Ananagrams ★');
INSERT INTO exercise (id, chapter, subchapter, topic, text) VALUES (91, 1, 2, 9, '195  Anagram ★');
INSERT INTO exercise (id, chapter, subchapter, topic, text) VALUES (92, 1, 2, 9, '454  Anagrams ★');
INSERT INTO exercise (id, chapter, subchapter, topic, text) VALUES (93, 1, 2, 9, '630  Anagrams (II)');
INSERT INTO exercise (id, chapter, subchapter, topic, text) VALUES (94, 1, 2, 9, '642  Word Amalgamation');
INSERT INTO exercise (id, chapter, subchapter, topic, text) VALUES (95, 1, 2, 9, '10098  Generating Fast');
INSERT INTO topic (id, subchapter, text) VALUES (10, 2, 'Interesting Real Life Problems, Easier');
INSERT INTO exercise (id, chapter, subchapter, topic, text) VALUES (96, 1, 2, 10, '161  Traffic Lights ★');
INSERT INTO exercise (id, chapter, subchapter, topic, text) VALUES (97, 1, 2, 10, '187  Transaction Processing');
INSERT INTO exercise (id, chapter, subchapter, topic, text) VALUES (98, 1, 2, 10, '362  18,000 Seconds Remaining');
INSERT INTO exercise (id, chapter, subchapter, topic, text) VALUES (99, 1, 2, 10, '637  Booklet Printing ★');
INSERT INTO exercise (id, chapter, subchapter, topic, text) VALUES (100, 1, 2, 10, '857  Quantiser');
INSERT INTO exercise (id, chapter, subchapter, topic, text) VALUES (101, 1, 2, 10, '10082  WERTYU');
INSERT INTO exercise (id, chapter, subchapter, topic, text) VALUES (102, 1, 2, 10, '10191  Longest Nap');
INSERT INTO exercise (id, chapter, subchapter, topic, text) VALUES (103, 1, 2, 10, '10528  Major Scales');
INSERT INTO exercise (id, chapter, subchapter, topic, text) VALUES (104, 1, 2, 10, '10554  Calories from Fat');
INSERT INTO exercise (id, chapter, subchapter, topic, text) VALUES (105, 1, 2, 10, '10812  Beat the Spread! ★');
INSERT INTO exercise (id, chapter, subchapter, topic, text) VALUES (106, 1, 2, 10, '11530  SMS Typing');
INSERT INTO exercise (id, chapter, subchapter, topic, text) VALUES (107, 1, 2, 10, '11945  Financial Management');
INSERT INTO exercise (id, chapter, subchapter, topic, text) VALUES (108, 1, 2, 10, '11984  A Change in Thermal Unit');
INSERT INTO exercise (id, chapter, subchapter, topic, text) VALUES (109, 1, 2, 10, '12195  Jingle Composing');
INSERT INTO exercise (id, chapter, subchapter, topic, text) VALUES (110, 1, 2, 10, '12555  Baby Me');
INSERT INTO topic (id, subchapter, text) VALUES (11, 2, 'Interesting Real Life Problems, Harder');
INSERT INTO exercise (id, chapter, subchapter, topic, text) VALUES (111, 1, 2, 11, '139  Telephone Tangles');
INSERT INTO exercise (id, chapter, subchapter, topic, text) VALUES (112, 1, 2, 11, '145  Gondwanaland Telecom');
INSERT INTO exercise (id, chapter, subchapter, topic, text) VALUES (113, 1, 2, 11, '333  Recognizing Good ISBNs');
INSERT INTO exercise (id, chapter, subchapter, topic, text) VALUES (114, 1, 2, 11, '346  Getting Chorded');
INSERT INTO exercise (id, chapter, subchapter, topic, text) VALUES (115, 1, 2, 11, '403  Postscript ★');
INSERT INTO exercise (id, chapter, subchapter, topic, text) VALUES (116, 1, 2, 11, '447  Population Explosion');
INSERT INTO exercise (id, chapter, subchapter, topic, text) VALUES (117, 1, 2, 11, '448  OOPS!');
INSERT INTO exercise (id, chapter, subchapter, topic, text) VALUES (118, 1, 2, 11, '449  Majoring in Scales');
INSERT INTO exercise (id, chapter, subchapter, topic, text) VALUES (119, 1, 2, 11, '457  Linear Cellular Automata');
INSERT INTO exercise (id, chapter, subchapter, topic, text) VALUES (120, 1, 2, 11, '538  Balancing Bank Accounts');
INSERT INTO exercise (id, chapter, subchapter, topic, text) VALUES (121, 1, 2, 11, '608  Counterfeit Dollar ★');
INSERT INTO exercise (id, chapter, subchapter, topic, text) VALUES (122, 1, 2, 11, '706  LCD Display');
INSERT INTO exercise (id, chapter, subchapter, topic, text) VALUES (123, 1, 2, 11, '1061  Consanguine Calculations ★');
INSERT INTO exercise (id, chapter, subchapter, topic, text) VALUES (124, 1, 2, 11, '10415  Eb Alto Saxophone Player');
INSERT INTO exercise (id, chapter, subchapter, topic, text) VALUES (125, 1, 2, 11, '10659  Fitting Text into Slides');
INSERT INTO exercise (id, chapter, subchapter, topic, text) VALUES (126, 1, 2, 11, '11223  O: dah dah dah!');
INSERT INTO exercise (id, chapter, subchapter, topic, text) VALUES (127, 1, 2, 11, '11743  Credit Check');
INSERT INTO exercise (id, chapter, subchapter, topic, text) VALUES (128, 1, 2, 11, '12342  Tax Calculator');
INSERT INTO subchapter (id, chapter, text) VALUES (3, 1, 'Ad Hoc Problems - Part 2');
INSERT INTO topic (id, subchapter, text) VALUES (12, 3, 'Time');
INSERT INTO exercise (id, chapter, subchapter, topic, text) VALUES (129, 1, 3, 12, '170  Clock Patience');
INSERT INTO exercise (id, chapter, subchapter, topic, text) VALUES (130, 1, 3, 12, '300  Maya Calendar');
INSERT INTO exercise (id, chapter, subchapter, topic, text) VALUES (131, 1, 3, 12, '579  Clock Hands ★');
INSERT INTO exercise (id, chapter, subchapter, topic, text) VALUES (132, 1, 3, 12, '893  Y3K Problem ★');
INSERT INTO exercise (id, chapter, subchapter, topic, text) VALUES (133, 1, 3, 12, '10070  Leap Year or Not Leap Year and ...');
INSERT INTO exercise (id, chapter, subchapter, topic, text) VALUES (134, 1, 3, 12, '10339  Watching Watches');
INSERT INTO exercise (id, chapter, subchapter, topic, text) VALUES (135, 1, 3, 12, '10371  Time Zones');
INSERT INTO exercise (id, chapter, subchapter, topic, text) VALUES (136, 1, 3, 12, '10683  The decadary watch');
INSERT INTO exercise (id, chapter, subchapter, topic, text) VALUES (137, 1, 3, 12, '11219  How old are you?');
INSERT INTO exercise (id, chapter, subchapter, topic, text) VALUES (138, 1, 3, 12, '11356  Dates');
INSERT INTO exercise (id, chapter, subchapter, topic, text) VALUES (139, 1, 3, 12, '11650  Mirror Clock');
INSERT INTO exercise (id, chapter, subchapter, topic, text) VALUES (140, 1, 3, 12, '11677  Alarm Clock');
INSERT INTO exercise (id, chapter, subchapter, topic, text) VALUES (141, 1, 3, 12, '11947  Cancer or Scorpio ★');
INSERT INTO exercise (id, chapter, subchapter, topic, text) VALUES (142, 1, 3, 12, '11958  Coming Home');
INSERT INTO exercise (id, chapter, subchapter, topic, text) VALUES (143, 1, 3, 12, '12019  Doom''s Day Algorithm');
INSERT INTO exercise (id, chapter, subchapter, topic, text) VALUES (144, 1, 3, 12, '12136  Schedule of a Married Man');
INSERT INTO exercise (id, chapter, subchapter, topic, text) VALUES (145, 1, 3, 12, '12148  Electricity');
INSERT INTO exercise (id, chapter, subchapter, topic, text) VALUES (146, 1, 3, 12, '12439  February 29');
INSERT INTO exercise (id, chapter, subchapter, topic, text) VALUES (147, 1, 3, 12, '12531  Hours and Minutes');
INSERT INTO topic (id, subchapter, text) VALUES (13, 3, '''Time Waster'' Problems');
INSERT INTO exercise (id, chapter, subchapter, topic, text) VALUES (148, 1, 3, 13, '144  Student Grants');
INSERT INTO exercise (id, chapter, subchapter, topic, text) VALUES (149, 1, 3, 13, '214  Code Generation');
INSERT INTO exercise (id, chapter, subchapter, topic, text) VALUES (150, 1, 3, 13, '335  Processing MX Records');
INSERT INTO exercise (id, chapter, subchapter, topic, text) VALUES (151, 1, 3, 13, '337  Interpreting Control Sequences');
INSERT INTO exercise (id, chapter, subchapter, topic, text) VALUES (152, 1, 3, 13, '349  Transferable Voting (II)');
INSERT INTO exercise (id, chapter, subchapter, topic, text) VALUES (153, 1, 3, 13, '381  Making the Grade');
INSERT INTO exercise (id, chapter, subchapter, topic, text) VALUES (154, 1, 3, 13, '405  Message Routing');
INSERT INTO exercise (id, chapter, subchapter, topic, text) VALUES (155, 1, 3, 13, '556  Amazing ★');
INSERT INTO exercise (id, chapter, subchapter, topic, text) VALUES (156, 1, 3, 13, '603  Parking Lot');
INSERT INTO exercise (id, chapter, subchapter, topic, text) VALUES (157, 1, 3, 13, '830  Shark');
INSERT INTO exercise (id, chapter, subchapter, topic, text) VALUES (158, 1, 3, 13, '945  Loading a Cargo Ship');
INSERT INTO exercise (id, chapter, subchapter, topic, text) VALUES (159, 1, 3, 13, '10033  Interpreter');
INSERT INTO exercise (id, chapter, subchapter, topic, text) VALUES (160, 1, 3, 13, '10134  AutoFish');
INSERT INTO exercise (id, chapter, subchapter, topic, text) VALUES (161, 1, 3, 13, '10142  Australian Voting');
INSERT INTO exercise (id, chapter, subchapter, topic, text) VALUES (162, 1, 3, 13, '10188  Automated Judge Script');
INSERT INTO exercise (id, chapter, subchapter, topic, text) VALUES (163, 1, 3, 13, '10267  Graphical Editor');
INSERT INTO exercise (id, chapter, subchapter, topic, text) VALUES (164, 1, 3, 13, '10961  Chasing After Don Giovanni');
INSERT INTO exercise (id, chapter, subchapter, topic, text) VALUES (165, 1, 3, 13, '11140  Little Ali''s Little Brother!');
INSERT INTO exercise (id, chapter, subchapter, topic, text) VALUES (166, 1, 3, 13, '11717  Energy Saving Microcontroller');
INSERT INTO exercise (id, chapter, subchapter, topic, text) VALUES (167, 1, 3, 13, '12060  All Integer Average ★');
INSERT INTO exercise (id, chapter, subchapter, topic, text) VALUES (168, 1, 3, 13, '12085  Mobile Casanova ★');
INSERT INTO exercise (id, chapter, subchapter, topic, text) VALUES (169, 1, 3, 13, '12608  Garbage Collection');
INSERT INTO chapter (id, text) VALUES (2, 'Capitulo 02');
INSERT INTO subchapter (id, chapter, text) VALUES (4, 2, 'Linear Data Structures with Built-in Libraries');
INSERT INTO topic (id, subchapter, text) VALUES (14, 4, '1D Array Manipulation');
INSERT INTO exercise (id, chapter, subchapter, topic, text) VALUES (170, 2, 4, 14, '230  Borrowers');
INSERT INTO exercise (id, chapter, subchapter, topic, text) VALUES (171, 2, 4, 14, '394  Mapmaker');
INSERT INTO exercise (id, chapter, subchapter, topic, text) VALUES (172, 2, 4, 14, '414  Machined Surfaces');
INSERT INTO exercise (id, chapter, subchapter, topic, text) VALUES (173, 2, 4, 14, '467  Synching Signals');
INSERT INTO exercise (id, chapter, subchapter, topic, text) VALUES (174, 2, 4, 14, '482  Permutation Arrays');
INSERT INTO exercise (id, chapter, subchapter, topic, text) VALUES (175, 2, 4, 14, '591  Box of Bricks');
INSERT INTO exercise (id, chapter, subchapter, topic, text) VALUES (176, 2, 4, 14, '665  False coin');
INSERT INTO exercise (id, chapter, subchapter, topic, text) VALUES (177, 2, 4, 14, '755  487--3279');
INSERT INTO exercise (id, chapter, subchapter, topic, text) VALUES (178, 2, 4, 14, '10038  Jolly Jumpers ★');
INSERT INTO exercise (id, chapter, subchapter, topic, text) VALUES (179, 2, 4, 14, '10050  Hartals');
INSERT INTO exercise (id, chapter, subchapter, topic, text) VALUES (180, 2, 4, 14, '10260  Soundex');
INSERT INTO exercise (id, chapter, subchapter, topic, text) VALUES (181, 2, 4, 14, '10978  Let''s Play Magic!');
INSERT INTO exercise (id, chapter, subchapter, topic, text) VALUES (182, 2, 4, 14, '11093  Just Finish it up');
INSERT INTO exercise (id, chapter, subchapter, topic, text) VALUES (183, 2, 4, 14, '11192  Group Reverse');
INSERT INTO exercise (id, chapter, subchapter, topic, text) VALUES (184, 2, 4, 14, '11222  Only I did it!');
INSERT INTO exercise (id, chapter, subchapter, topic, text) VALUES (185, 2, 4, 14, '11340  Newspaper ★');
INSERT INTO exercise (id, chapter, subchapter, topic, text) VALUES (186, 2, 4, 14, '11496  Musical Loop');
INSERT INTO exercise (id, chapter, subchapter, topic, text) VALUES (187, 2, 4, 14, '11608  No Problem');
INSERT INTO exercise (id, chapter, subchapter, topic, text) VALUES (188, 2, 4, 14, '11850  Alaska');
INSERT INTO exercise (id, chapter, subchapter, topic, text) VALUES (189, 2, 4, 14, '12150  Pole Position');
INSERT INTO exercise (id, chapter, subchapter, topic, text) VALUES (190, 2, 4, 14, '12356  Army Buddies ★');
INSERT INTO topic (id, subchapter, text) VALUES (15, 4, '2D Array Manipulation');
INSERT INTO exercise (id, chapter, subchapter, topic, text) VALUES (191, 2, 4, 15, '101  The Blocks Problem');
INSERT INTO exercise (id, chapter, subchapter, topic, text) VALUES (192, 2, 4, 15, '434  Matty''s Blocks');
INSERT INTO exercise (id, chapter, subchapter, topic, text) VALUES (193, 2, 4, 15, '466  Mirror, Mirror');
INSERT INTO exercise (id, chapter, subchapter, topic, text) VALUES (194, 2, 4, 15, '541  Error Correction');
INSERT INTO exercise (id, chapter, subchapter, topic, text) VALUES (195, 2, 4, 15, '10016  Flip-Flop the Squarelotron');
INSERT INTO exercise (id, chapter, subchapter, topic, text) VALUES (196, 2, 4, 15, '10703  Free spots');
INSERT INTO exercise (id, chapter, subchapter, topic, text) VALUES (197, 2, 4, 15, '10855  Rotated square ★');
INSERT INTO exercise (id, chapter, subchapter, topic, text) VALUES (198, 2, 4, 15, '10920  Spiral Tap ★');
INSERT INTO exercise (id, chapter, subchapter, topic, text) VALUES (199, 2, 4, 15, '11040  Add bricks in the wall');
INSERT INTO exercise (id, chapter, subchapter, topic, text) VALUES (200, 2, 4, 15, '11349  Symmetric Matrix');
INSERT INTO exercise (id, chapter, subchapter, topic, text) VALUES (201, 2, 4, 15, '11360  Have Fun with Matrices');
INSERT INTO exercise (id, chapter, subchapter, topic, text) VALUES (202, 2, 4, 15, '11581  Grid Successors ★');
INSERT INTO exercise (id, chapter, subchapter, topic, text) VALUES (203, 2, 4, 15, '11835  Formula 1');
INSERT INTO exercise (id, chapter, subchapter, topic, text) VALUES (204, 2, 4, 15, '12187  Brothers');
INSERT INTO exercise (id, chapter, subchapter, topic, text) VALUES (205, 2, 4, 15, '12291  Polyomino Composer');
INSERT INTO exercise (id, chapter, subchapter, topic, text) VALUES (206, 2, 4, 15, '12398  NumPuzz I');
INSERT INTO topic (id, subchapter, text) VALUES (16, 4, 'C++ STL algorithm (Java Collections)');
INSERT INTO exercise (id, chapter, subchapter, topic, text) VALUES (207, 2, 4, 16, '123  Searching Quickly');
INSERT INTO exercise (id, chapter, subchapter, topic, text) VALUES (208, 2, 4, 16, '146  id Codes ★');
INSERT INTO exercise (id, chapter, subchapter, topic, text) VALUES (209, 2, 4, 16, '400  Unix ls');
INSERT INTO exercise (id, chapter, subchapter, topic, text) VALUES (210, 2, 4, 16, '450  Little Black Book');
INSERT INTO exercise (id, chapter, subchapter, topic, text) VALUES (211, 2, 4, 16, '790  Head Judge Headache');
INSERT INTO exercise (id, chapter, subchapter, topic, text) VALUES (212, 2, 4, 16, '855  Lunch in Grid City');
INSERT INTO exercise (id, chapter, subchapter, topic, text) VALUES (213, 2, 4, 16, '1209  Wordfish');
INSERT INTO exercise (id, chapter, subchapter, topic, text) VALUES (214, 2, 4, 16, '10057  A mid-summer night''s dream.');
INSERT INTO exercise (id, chapter, subchapter, topic, text) VALUES (215, 2, 4, 16, '10107  What is the Median? ★');
INSERT INTO exercise (id, chapter, subchapter, topic, text) VALUES (216, 2, 4, 16, '10194  Football (aka Soccer)');
INSERT INTO exercise (id, chapter, subchapter, topic, text) VALUES (217, 2, 4, 16, '10258  Contest Scoreboard ★');
INSERT INTO exercise (id, chapter, subchapter, topic, text) VALUES (218, 2, 4, 16, '10698  Football Sort');
INSERT INTO exercise (id, chapter, subchapter, topic, text) VALUES (219, 2, 4, 16, '10880  Colin and Ryan');
INSERT INTO exercise (id, chapter, subchapter, topic, text) VALUES (220, 2, 4, 16, '10905  Children''s Game');
INSERT INTO exercise (id, chapter, subchapter, topic, text) VALUES (221, 2, 4, 16, '11039  Building designing');
INSERT INTO exercise (id, chapter, subchapter, topic, text) VALUES (222, 2, 4, 16, '11321  Sort! Sort!! and Sort!!!');
INSERT INTO exercise (id, chapter, subchapter, topic, text) VALUES (223, 2, 4, 16, '11588  Image Coding');
INSERT INTO exercise (id, chapter, subchapter, topic, text) VALUES (224, 2, 4, 16, '11777  Automate the Grades');
INSERT INTO exercise (id, chapter, subchapter, topic, text) VALUES (225, 2, 4, 16, '11824  A Minimum Land Price');
INSERT INTO exercise (id, chapter, subchapter, topic, text) VALUES (226, 2, 4, 16, '12541  Birthdates');
INSERT INTO topic (id, subchapter, text) VALUES (17, 4, 'Bit Manipulation');
INSERT INTO exercise (id, chapter, subchapter, topic, text) VALUES (227, 2, 4, 17, '594  One Little, Two Little, Three Little Endians');
INSERT INTO exercise (id, chapter, subchapter, topic, text) VALUES (228, 2, 4, 17, '700  Date Bugs');
INSERT INTO exercise (id, chapter, subchapter, topic, text) VALUES (229, 2, 4, 17, '1241  Jollybee Tournament');
INSERT INTO exercise (id, chapter, subchapter, topic, text) VALUES (230, 2, 4, 17, '10264  The Most Potent Corner ★');
INSERT INTO exercise (id, chapter, subchapter, topic, text) VALUES (231, 2, 4, 17, '11173  Grey Codes');
INSERT INTO exercise (id, chapter, subchapter, topic, text) VALUES (232, 2, 4, 17, '11760  Brother Arif, Please feed us!');
INSERT INTO exercise (id, chapter, subchapter, topic, text) VALUES (233, 2, 4, 17, '11926  Multitasking ★');
INSERT INTO exercise (id, chapter, subchapter, topic, text) VALUES (234, 2, 4, 17, '11933  Splitting Numbers ★');
INSERT INTO topic (id, subchapter, text) VALUES (18, 4, 'C++ STL list (Java LinkedList)');
INSERT INTO exercise (id, chapter, subchapter, topic, text) VALUES (235, 2, 4, 18, '11988  Broken Keyboard (a.k.a. Beiju Text) ★');
INSERT INTO topic (id, subchapter, text) VALUES (19, 4, 'C++ STL stack (Java Stack)');
INSERT INTO exercise (id, chapter, subchapter, topic, text) VALUES (236, 2, 4, 19, '127  "Accordian" Patience');
INSERT INTO exercise (id, chapter, subchapter, topic, text) VALUES (237, 2, 4, 19, '514  Rails ★');
INSERT INTO exercise (id, chapter, subchapter, topic, text) VALUES (238, 2, 4, 19, '732  Anagrams by Stack ★');
INSERT INTO exercise (id, chapter, subchapter, topic, text) VALUES (239, 2, 4, 19, '1062  Containers ★');
INSERT INTO exercise (id, chapter, subchapter, topic, text) VALUES (240, 2, 4, 19, '10858  Unique Factorization');
INSERT INTO topic (id, subchapter, text) VALUES (20, 4, 'C++ STL queue and deque (Java Queue and Deque)');
INSERT INTO exercise (id, chapter, subchapter, topic, text) VALUES (241, 2, 4, 20, '540  Team Queue');
INSERT INTO exercise (id, chapter, subchapter, topic, text) VALUES (242, 2, 4, 20, '10172  The Lonesome Cargo Distributor ★');
INSERT INTO exercise (id, chapter, subchapter, topic, text) VALUES (243, 2, 4, 20, '10901  Ferry Loading III ★');
INSERT INTO exercise (id, chapter, subchapter, topic, text) VALUES (244, 2, 4, 20, '10935  Throwing cards away I');
INSERT INTO exercise (id, chapter, subchapter, topic, text) VALUES (245, 2, 4, 20, '11034  Ferry Loading IV ★');
INSERT INTO exercise (id, chapter, subchapter, topic, text) VALUES (246, 2, 4, 20, '12100  Printer Queue');
INSERT INTO exercise (id, chapter, subchapter, topic, text) VALUES (247, 2, 4, 20, '12207  That is Your Queue');
INSERT INTO subchapter (id, chapter, text) VALUES (5, 2, 'Non Linear Data Structures with Built-in Libraries');
INSERT INTO topic (id, subchapter, text) VALUES (21, 5, 'C++ STL map (Java TreeMap)');
INSERT INTO exercise (id, chapter, subchapter, topic, text) VALUES (248, 2, 5, 21, '417  Word Index');
INSERT INTO exercise (id, chapter, subchapter, topic, text) VALUES (249, 2, 5, 21, '484  The Department of Redundancy Department');
INSERT INTO exercise (id, chapter, subchapter, topic, text) VALUES (250, 2, 5, 21, '860  Entropy Text Analyzer');
INSERT INTO exercise (id, chapter, subchapter, topic, text) VALUES (251, 2, 5, 21, '939  Genes');
INSERT INTO exercise (id, chapter, subchapter, topic, text) VALUES (252, 2, 5, 21, '10132  File Fragmentation');
INSERT INTO exercise (id, chapter, subchapter, topic, text) VALUES (253, 2, 5, 21, '10138  CDVII');
INSERT INTO exercise (id, chapter, subchapter, topic, text) VALUES (254, 2, 5, 21, '10226  Hardwood Species ★');
INSERT INTO exercise (id, chapter, subchapter, topic, text) VALUES (255, 2, 5, 21, '10282  Babelfish');
INSERT INTO exercise (id, chapter, subchapter, topic, text) VALUES (256, 2, 5, 21, '10295  Hay Points');
INSERT INTO exercise (id, chapter, subchapter, topic, text) VALUES (257, 2, 5, 21, '10686  SQF Problems');
INSERT INTO exercise (id, chapter, subchapter, topic, text) VALUES (258, 2, 5, 21, '11239  Open Source');
INSERT INTO exercise (id, chapter, subchapter, topic, text) VALUES (259, 2, 5, 21, '11286  Conformity ★');
INSERT INTO exercise (id, chapter, subchapter, topic, text) VALUES (260, 2, 5, 21, '11308  Bankrupt Baker');
INSERT INTO exercise (id, chapter, subchapter, topic, text) VALUES (261, 2, 5, 21, '11348  Exhibition');
INSERT INTO exercise (id, chapter, subchapter, topic, text) VALUES (262, 2, 5, 21, '11572  Unique Snowflakes ★');
INSERT INTO exercise (id, chapter, subchapter, topic, text) VALUES (263, 2, 5, 21, '11629  Ballot evaluation');
INSERT INTO exercise (id, chapter, subchapter, topic, text) VALUES (264, 2, 5, 21, '11860  Document Analyzer');
INSERT INTO exercise (id, chapter, subchapter, topic, text) VALUES (265, 2, 5, 21, '11917  Do Your Own Homework');
INSERT INTO exercise (id, chapter, subchapter, topic, text) VALUES (266, 2, 5, 21, '12504  Updating a Dictionary');
INSERT INTO exercise (id, chapter, subchapter, topic, text) VALUES (267, 2, 5, 21, '12592  Slogan Learning of Princess');
INSERT INTO topic (id, subchapter, text) VALUES (22, 5, 'C++ STL set (Java TreeSet)');
INSERT INTO exercise (id, chapter, subchapter, topic, text) VALUES (268, 2, 5, 22, '501  Black Box');
INSERT INTO exercise (id, chapter, subchapter, topic, text) VALUES (269, 2, 5, 22, '978  Lemmings Battle! ★');
INSERT INTO exercise (id, chapter, subchapter, topic, text) VALUES (270, 2, 5, 22, '10815  Andy''s First Dictionary');
INSERT INTO exercise (id, chapter, subchapter, topic, text) VALUES (271, 2, 5, 22, '11062  Andy''s Second Dictionary');
INSERT INTO exercise (id, chapter, subchapter, topic, text) VALUES (272, 2, 5, 22, '11136  Hoax or what ★');
INSERT INTO exercise (id, chapter, subchapter, topic, text) VALUES (273, 2, 5, 22, '11849  CD ★');
INSERT INTO exercise (id, chapter, subchapter, topic, text) VALUES (274, 2, 5, 22, '12049  Just Prune The List');
INSERT INTO topic (id, subchapter, text) VALUES (23, 5, 'C++ STL priority queue (Java PriorityQueue)');
INSERT INTO exercise (id, chapter, subchapter, topic, text) VALUES (275, 2, 5, 23, '1203  Argus ★');
INSERT INTO exercise (id, chapter, subchapter, topic, text) VALUES (276, 2, 5, 23, '10954  Add All ★');
INSERT INTO exercise (id, chapter, subchapter, topic, text) VALUES (277, 2, 5, 23, '11995  I Can Guess the Data Structure! ★');
INSERT INTO subchapter (id, chapter, text) VALUES (6, 2, 'Data Structures with Our-Own Libraries');
INSERT INTO topic (id, subchapter, text) VALUES (24, 6, 'Graph Data Structures Problems');
INSERT INTO exercise (id, chapter, subchapter, topic, text) VALUES (278, 2, 6, 24, '599  The Forrest for the Trees ★');
INSERT INTO exercise (id, chapter, subchapter, topic, text) VALUES (279, 2, 6, 24, '10895  Matrix Transpose ★');
INSERT INTO exercise (id, chapter, subchapter, topic, text) VALUES (280, 2, 6, 24, '10928  My Dear Neighbours');
INSERT INTO exercise (id, chapter, subchapter, topic, text) VALUES (281, 2, 6, 24, '11550  Demanding Dilemma');
INSERT INTO exercise (id, chapter, subchapter, topic, text) VALUES (282, 2, 6, 24, '11991  Easy Problem from Rujia Liu? ★');
INSERT INTO topic (id, subchapter, text) VALUES (25, 6, 'Union-Find Disjoint Sets');
INSERT INTO exercise (id, chapter, subchapter, topic, text) VALUES (283, 2, 6, 25, '793  Network Connections ★');
INSERT INTO exercise (id, chapter, subchapter, topic, text) VALUES (284, 2, 6, 25, '1197  The Suspects');
INSERT INTO exercise (id, chapter, subchapter, topic, text) VALUES (285, 2, 6, 25, '10158  War');
INSERT INTO exercise (id, chapter, subchapter, topic, text) VALUES (286, 2, 6, 25, '10227  Forests');
INSERT INTO exercise (id, chapter, subchapter, topic, text) VALUES (287, 2, 6, 25, '10507  Waking up brain ★');
INSERT INTO exercise (id, chapter, subchapter, topic, text) VALUES (288, 2, 6, 25, '10583  Ubiquitous Religions');
INSERT INTO exercise (id, chapter, subchapter, topic, text) VALUES (289, 2, 6, 25, '10608  Friends');
INSERT INTO exercise (id, chapter, subchapter, topic, text) VALUES (290, 2, 6, 25, '10685  Nature');
INSERT INTO exercise (id, chapter, subchapter, topic, text) VALUES (291, 2, 6, 25, '11503  Virtual Friends ★');
INSERT INTO exercise (id, chapter, subchapter, topic, text) VALUES (292, 2, 6, 25, '11690  Money Matters');
INSERT INTO topic (id, subchapter, text) VALUES (26, 6, 'Tree-related Data Structures');
INSERT INTO exercise (id, chapter, subchapter, topic, text) VALUES (293, 2, 6, 26, '297  Quadtrees');
INSERT INTO exercise (id, chapter, subchapter, topic, text) VALUES (294, 2, 6, 26, '1232  SKYLINE');
INSERT INTO exercise (id, chapter, subchapter, topic, text) VALUES (295, 2, 6, 26, '11235  Frequent values ★');
INSERT INTO exercise (id, chapter, subchapter, topic, text) VALUES (296, 2, 6, 26, '11297  Census');
INSERT INTO exercise (id, chapter, subchapter, topic, text) VALUES (297, 2, 6, 26, '11350  Stern-Brocot Tree');
INSERT INTO exercise (id, chapter, subchapter, topic, text) VALUES (298, 2, 6, 26, '11402  Ahoy, Pirates! ★');
INSERT INTO exercise (id, chapter, subchapter, topic, text) VALUES (299, 2, 6, 26, '12086  Potentiometers');
INSERT INTO exercise (id, chapter, subchapter, topic, text) VALUES (300, 2, 6, 26, '12532  Interval Product ★');
INSERT INTO chapter (id, text) VALUES (3, 'Capitulo 03');
INSERT INTO subchapter (id, chapter, text) VALUES (7, 3, 'Complete Search');
INSERT INTO topic (id, subchapter, text) VALUES (27, 7, 'Iterative (One Loop, Linear Scan)');
INSERT INTO exercise (id, chapter, subchapter, topic, text) VALUES (301, 3, 7, 27, '102  Ecological Bin Packing');
INSERT INTO exercise (id, chapter, subchapter, topic, text) VALUES (302, 3, 7, 27, '256  Quirksome Squares');
INSERT INTO exercise (id, chapter, subchapter, topic, text) VALUES (303, 3, 7, 27, '927  Integer Sequences from Addition of Terms ★');
INSERT INTO exercise (id, chapter, subchapter, topic, text) VALUES (304, 3, 7, 27, '1237  Expert Enough? ★');
INSERT INTO exercise (id, chapter, subchapter, topic, text) VALUES (305, 3, 7, 27, '10976  Fractions Again?! ★');
INSERT INTO exercise (id, chapter, subchapter, topic, text) VALUES (306, 3, 7, 27, '11001  Necklace');
INSERT INTO exercise (id, chapter, subchapter, topic, text) VALUES (307, 3, 7, 27, '11078  Open Credit System');
INSERT INTO topic (id, subchapter, text) VALUES (28, 7, 'Iterative (Two Nested Loops)');
INSERT INTO exercise (id, chapter, subchapter, topic, text) VALUES (308, 3, 7, 28, '105  The Skyline Problem');
INSERT INTO exercise (id, chapter, subchapter, topic, text) VALUES (309, 3, 7, 28, '347  Run');
INSERT INTO exercise (id, chapter, subchapter, topic, text) VALUES (310, 3, 7, 28, '471  Magic Numbers');
INSERT INTO exercise (id, chapter, subchapter, topic, text) VALUES (311, 3, 7, 28, '617  Nonstop Travel');
INSERT INTO exercise (id, chapter, subchapter, topic, text) VALUES (312, 3, 7, 28, '725  Division');
INSERT INTO exercise (id, chapter, subchapter, topic, text) VALUES (313, 3, 7, 28, '1260  Sales ★');
INSERT INTO exercise (id, chapter, subchapter, topic, text) VALUES (314, 3, 7, 28, '10041  Vito''s Family');
INSERT INTO exercise (id, chapter, subchapter, topic, text) VALUES (315, 3, 7, 28, '10487  Closest Sums ★');
INSERT INTO exercise (id, chapter, subchapter, topic, text) VALUES (316, 3, 7, 28, '10730  Antiarithmetic?');
INSERT INTO exercise (id, chapter, subchapter, topic, text) VALUES (317, 3, 7, 28, '11242  Tour de France ★');
INSERT INTO exercise (id, chapter, subchapter, topic, text) VALUES (318, 3, 7, 28, '12488  Start Grid');
INSERT INTO exercise (id, chapter, subchapter, topic, text) VALUES (319, 3, 7, 28, '12583  Memory Overflow');
INSERT INTO topic (id, subchapter, text) VALUES (29, 7, 'Iterative (Three or More Nested Loops, Easier)');
INSERT INTO exercise (id, chapter, subchapter, topic, text) VALUES (320, 3, 7, 29, '154  Recycling');
INSERT INTO exercise (id, chapter, subchapter, topic, text) VALUES (321, 3, 7, 29, '188  Perfect Hash');
INSERT INTO exercise (id, chapter, subchapter, topic, text) VALUES (322, 3, 7, 29, '441  Lotto ★');
INSERT INTO exercise (id, chapter, subchapter, topic, text) VALUES (323, 3, 7, 29, '626  Ecosystem');
INSERT INTO exercise (id, chapter, subchapter, topic, text) VALUES (324, 3, 7, 29, '703  Triple Ties: The Organizer''s Nightmare');
INSERT INTO exercise (id, chapter, subchapter, topic, text) VALUES (325, 3, 7, 29, '735  Dart-a-Mania ★');
INSERT INTO exercise (id, chapter, subchapter, topic, text) VALUES (326, 3, 7, 29, '10102  The path in the colored field ★');
INSERT INTO exercise (id, chapter, subchapter, topic, text) VALUES (327, 3, 7, 29, '10502  Counting Rectangles');
INSERT INTO exercise (id, chapter, subchapter, topic, text) VALUES (328, 3, 7, 29, '10662  The Wedding');
INSERT INTO exercise (id, chapter, subchapter, topic, text) VALUES (329, 3, 7, 29, '10908  Largest Square');
INSERT INTO exercise (id, chapter, subchapter, topic, text) VALUES (330, 3, 7, 29, '11059  Maximum Product');
INSERT INTO exercise (id, chapter, subchapter, topic, text) VALUES (331, 3, 7, 29, '11975  Tele-loto');
INSERT INTO exercise (id, chapter, subchapter, topic, text) VALUES (332, 3, 7, 29, '12498  Ant''s Shopping Mall');
INSERT INTO exercise (id, chapter, subchapter, topic, text) VALUES (333, 3, 7, 29, '12515  Movie Police');
INSERT INTO topic (id, subchapter, text) VALUES (30, 7, 'Iterative (Three or More Nested Loops, Harder)');
INSERT INTO exercise (id, chapter, subchapter, topic, text) VALUES (334, 3, 7, 30, '253  Cube painting');
INSERT INTO exercise (id, chapter, subchapter, topic, text) VALUES (335, 3, 7, 30, '296  Safebreaker');
INSERT INTO exercise (id, chapter, subchapter, topic, text) VALUES (336, 3, 7, 30, '386  Perfect Cubes');
INSERT INTO exercise (id, chapter, subchapter, topic, text) VALUES (337, 3, 7, 30, '10125  Sumsets');
INSERT INTO exercise (id, chapter, subchapter, topic, text) VALUES (338, 3, 7, 30, '10177  (2');
INSERT INTO exercise (id, chapter, subchapter, topic, text) VALUES (339, 3, 7, 30, '10360  Rat Attack');
INSERT INTO exercise (id, chapter, subchapter, topic, text) VALUES (340, 3, 7, 30, '10365  Blocks');
INSERT INTO exercise (id, chapter, subchapter, topic, text) VALUES (341, 3, 7, 30, '10483  The Sum Equals the Product');
INSERT INTO exercise (id, chapter, subchapter, topic, text) VALUES (342, 3, 7, 30, '10660  Citizen attention offices ★');
INSERT INTO exercise (id, chapter, subchapter, topic, text) VALUES (343, 3, 7, 30, '10973  Triangle Counting');
INSERT INTO exercise (id, chapter, subchapter, topic, text) VALUES (344, 3, 7, 30, '11108  Tautology');
INSERT INTO exercise (id, chapter, subchapter, topic, text) VALUES (345, 3, 7, 30, '11236  Grocery store ★');
INSERT INTO exercise (id, chapter, subchapter, topic, text) VALUES (346, 3, 7, 30, '11342  Three-square');
INSERT INTO exercise (id, chapter, subchapter, topic, text) VALUES (347, 3, 7, 30, '11548  Blackboard Bonanza');
INSERT INTO exercise (id, chapter, subchapter, topic, text) VALUES (348, 3, 7, 30, '11565  Simple Equations ★');
INSERT INTO exercise (id, chapter, subchapter, topic, text) VALUES (349, 3, 7, 30, '11804  Argentina');
INSERT INTO exercise (id, chapter, subchapter, topic, text) VALUES (350, 3, 7, 30, '11959  Dice');
INSERT INTO topic (id, subchapter, text) VALUES (31, 7, 'Iterative (Fancy Techniques)');
INSERT INTO exercise (id, chapter, subchapter, topic, text) VALUES (351, 3, 7, 31, '140  Bandwidth');
INSERT INTO exercise (id, chapter, subchapter, topic, text) VALUES (352, 3, 7, 31, '234  Switching Channels');
INSERT INTO exercise (id, chapter, subchapter, topic, text) VALUES (353, 3, 7, 31, '435  Block Voting');
INSERT INTO exercise (id, chapter, subchapter, topic, text) VALUES (354, 3, 7, 31, '639  Don''t Get Rooked');
INSERT INTO exercise (id, chapter, subchapter, topic, text) VALUES (355, 3, 7, 31, '1047  Zones ★');
INSERT INTO exercise (id, chapter, subchapter, topic, text) VALUES (356, 3, 7, 31, '1064  Network');
INSERT INTO exercise (id, chapter, subchapter, topic, text) VALUES (357, 3, 7, 31, '11205  The broken pedometer');
INSERT INTO exercise (id, chapter, subchapter, topic, text) VALUES (358, 3, 7, 31, '11412  Dig the Holes');
INSERT INTO exercise (id, chapter, subchapter, topic, text) VALUES (359, 3, 7, 31, '11553  Grid Game ★');
INSERT INTO exercise (id, chapter, subchapter, topic, text) VALUES (360, 3, 7, 31, '11742  Social Constraints');
INSERT INTO exercise (id, chapter, subchapter, topic, text) VALUES (361, 3, 7, 31, '12249  Overlapping Scenes');
INSERT INTO exercise (id, chapter, subchapter, topic, text) VALUES (362, 3, 7, 31, '12346  Water Gate Management');
INSERT INTO exercise (id, chapter, subchapter, topic, text) VALUES (363, 3, 7, 31, '12348  Fun Coloring');
INSERT INTO exercise (id, chapter, subchapter, topic, text) VALUES (364, 3, 7, 31, '12406  Help Dexter');
INSERT INTO exercise (id, chapter, subchapter, topic, text) VALUES (365, 3, 7, 31, '12455  Bars ★');
INSERT INTO topic (id, subchapter, text) VALUES (32, 7, 'Recursive Backtracking (Easy)');
INSERT INTO exercise (id, chapter, subchapter, topic, text) VALUES (366, 3, 7, 32, '167  The Sultan''s Successors');
INSERT INTO exercise (id, chapter, subchapter, topic, text) VALUES (367, 3, 7, 32, '380  Call Forwarding');
INSERT INTO exercise (id, chapter, subchapter, topic, text) VALUES (368, 3, 7, 32, '539  The Settlers of Catan');
INSERT INTO exercise (id, chapter, subchapter, topic, text) VALUES (369, 3, 7, 32, '624  CD ★');
INSERT INTO exercise (id, chapter, subchapter, topic, text) VALUES (370, 3, 7, 32, '628  Passwords');
INSERT INTO exercise (id, chapter, subchapter, topic, text) VALUES (371, 3, 7, 32, '677  All Walks of length "n" from the first node');
INSERT INTO exercise (id, chapter, subchapter, topic, text) VALUES (372, 3, 7, 32, '729  The Hamming Distance Problem');
INSERT INTO exercise (id, chapter, subchapter, topic, text) VALUES (373, 3, 7, 32, '750  8 Queens Chess Problem');
INSERT INTO exercise (id, chapter, subchapter, topic, text) VALUES (374, 3, 7, 32, '10276  Hanoi Tower Troubles Again!');
INSERT INTO exercise (id, chapter, subchapter, topic, text) VALUES (375, 3, 7, 32, '10344  23 out of 5');
INSERT INTO exercise (id, chapter, subchapter, topic, text) VALUES (376, 3, 7, 32, '10452  Marcus');
INSERT INTO exercise (id, chapter, subchapter, topic, text) VALUES (377, 3, 7, 32, '10576  Y2K Accounting Bug ★');
INSERT INTO exercise (id, chapter, subchapter, topic, text) VALUES (378, 3, 7, 32, '11085  Back to the 8-Queens ★');
INSERT INTO topic (id, subchapter, text) VALUES (33, 7, 'Recursive Backtracking (Medium)');
INSERT INTO exercise (id, chapter, subchapter, topic, text) VALUES (379, 3, 7, 33, '222  Budget Travel');
INSERT INTO exercise (id, chapter, subchapter, topic, text) VALUES (380, 3, 7, 33, '301  Transportation');
INSERT INTO exercise (id, chapter, subchapter, topic, text) VALUES (381, 3, 7, 33, '331  Mapping the Swaps');
INSERT INTO exercise (id, chapter, subchapter, topic, text) VALUES (382, 3, 7, 33, '487  Boggle Blitz');
INSERT INTO exercise (id, chapter, subchapter, topic, text) VALUES (383, 3, 7, 33, '524  Prime Ring Problem ★');
INSERT INTO exercise (id, chapter, subchapter, topic, text) VALUES (384, 3, 7, 33, '571  Jugs');
INSERT INTO exercise (id, chapter, subchapter, topic, text) VALUES (385, 3, 7, 33, '574  Sum It Up ★');
INSERT INTO exercise (id, chapter, subchapter, topic, text) VALUES (386, 3, 7, 33, '598  Bundling Newspapers');
INSERT INTO exercise (id, chapter, subchapter, topic, text) VALUES (387, 3, 7, 33, '775  Hamiltonian Cycle');
INSERT INTO exercise (id, chapter, subchapter, topic, text) VALUES (388, 3, 7, 33, '10001  Garden of Eden');
INSERT INTO exercise (id, chapter, subchapter, topic, text) VALUES (389, 3, 7, 33, '10063  Knuth''s Permutation');
INSERT INTO exercise (id, chapter, subchapter, topic, text) VALUES (390, 3, 7, 33, '10460  Find the Permuted String');
INSERT INTO exercise (id, chapter, subchapter, topic, text) VALUES (391, 3, 7, 33, '10475  Help the Leaders');
INSERT INTO exercise (id, chapter, subchapter, topic, text) VALUES (392, 3, 7, 33, '10503  The dominoes solitaire ★');
INSERT INTO exercise (id, chapter, subchapter, topic, text) VALUES (393, 3, 7, 33, '10506  The Ouroboros problem');
INSERT INTO exercise (id, chapter, subchapter, topic, text) VALUES (394, 3, 7, 33, '10950  Bad Code');
INSERT INTO exercise (id, chapter, subchapter, topic, text) VALUES (395, 3, 7, 33, '11201  The problem of the crazy linguist');
INSERT INTO exercise (id, chapter, subchapter, topic, text) VALUES (396, 3, 7, 33, '11961  DNA');
INSERT INTO topic (id, subchapter, text) VALUES (34, 7, 'Recursive Backtracking (Harder)');
INSERT INTO exercise (id, chapter, subchapter, topic, text) VALUES (397, 3, 7, 34, '129  Krypton Factor');
INSERT INTO exercise (id, chapter, subchapter, topic, text) VALUES (398, 3, 7, 34, '165  Stamps');
INSERT INTO exercise (id, chapter, subchapter, topic, text) VALUES (399, 3, 7, 34, '193  Graph Coloring ★');
INSERT INTO exercise (id, chapter, subchapter, topic, text) VALUES (400, 3, 7, 34, '208  Firetruck');
INSERT INTO exercise (id, chapter, subchapter, topic, text) VALUES (401, 3, 7, 34, '416  LED Test ★');
INSERT INTO exercise (id, chapter, subchapter, topic, text) VALUES (402, 3, 7, 34, '433  Bank (Not Quite O.C.R.)');
INSERT INTO exercise (id, chapter, subchapter, topic, text) VALUES (403, 3, 7, 34, '565  Pizza Anyone?');
INSERT INTO exercise (id, chapter, subchapter, topic, text) VALUES (404, 3, 7, 34, '861  Little Bishops');
INSERT INTO exercise (id, chapter, subchapter, topic, text) VALUES (405, 3, 7, 34, '868  Numerical Maze');
INSERT INTO exercise (id, chapter, subchapter, topic, text) VALUES (406, 3, 7, 34, '1262  Password ★');
INSERT INTO exercise (id, chapter, subchapter, topic, text) VALUES (407, 3, 7, 34, '10094  Place the Guards');
INSERT INTO exercise (id, chapter, subchapter, topic, text) VALUES (408, 3, 7, 34, '10128  Queue');
INSERT INTO exercise (id, chapter, subchapter, topic, text) VALUES (409, 3, 7, 34, '10582  ASCII Labyrinth');
INSERT INTO exercise (id, chapter, subchapter, topic, text) VALUES (410, 3, 7, 34, '11090  Going in Cycle!!');
INSERT INTO subchapter (id, chapter, text) VALUES (8, 3, 'Dynamic Programming');
INSERT INTO topic (id, subchapter, text) VALUES (35, 8, 'Max 1D Range Sum');
INSERT INTO exercise (id, chapter, subchapter, topic, text) VALUES (411, 3, 8, 35, '507  Jill Rides Again');
INSERT INTO exercise (id, chapter, subchapter, topic, text) VALUES (412, 3, 8, 35, '787  Maximum Sub-sequence Product ★');
INSERT INTO exercise (id, chapter, subchapter, topic, text) VALUES (413, 3, 8, 35, '10684  The jackpot ★');
INSERT INTO exercise (id, chapter, subchapter, topic, text) VALUES (414, 3, 8, 35, '10755  Garbage Heap ★');
INSERT INTO topic (id, subchapter, text) VALUES (36, 8, 'Max 2D Range Sum');
INSERT INTO exercise (id, chapter, subchapter, topic, text) VALUES (415, 3, 8, 36, '108  Maximum Sum ★');
INSERT INTO exercise (id, chapter, subchapter, topic, text) VALUES (416, 3, 8, 36, '836  Largest Submatrix');
INSERT INTO exercise (id, chapter, subchapter, topic, text) VALUES (417, 3, 8, 36, '983  Localized Summing for Blurring');
INSERT INTO exercise (id, chapter, subchapter, topic, text) VALUES (418, 3, 8, 36, '10074  Take the Land');
INSERT INTO exercise (id, chapter, subchapter, topic, text) VALUES (419, 3, 8, 36, '10667  Largest Block');
INSERT INTO exercise (id, chapter, subchapter, topic, text) VALUES (420, 3, 8, 36, '10827  Maximum sum on a torus ★');
INSERT INTO exercise (id, chapter, subchapter, topic, text) VALUES (421, 3, 8, 36, '11951  Area ★');
INSERT INTO topic (id, subchapter, text) VALUES (37, 8, 'Longest Increasing Subsequence (LIS)');
INSERT INTO exercise (id, chapter, subchapter, topic, text) VALUES (422, 3, 8, 37, '111  History Grading');
INSERT INTO exercise (id, chapter, subchapter, topic, text) VALUES (423, 3, 8, 37, '231  Testing the CATCHER');
INSERT INTO exercise (id, chapter, subchapter, topic, text) VALUES (424, 3, 8, 37, '437  The Tower of Babylon');
INSERT INTO exercise (id, chapter, subchapter, topic, text) VALUES (425, 3, 8, 37, '481  What Goes Up ★');
INSERT INTO exercise (id, chapter, subchapter, topic, text) VALUES (426, 3, 8, 37, '497  Strategic Defense Initiative');
INSERT INTO exercise (id, chapter, subchapter, topic, text) VALUES (427, 3, 8, 37, '1196  Tiling Up Blocks');
INSERT INTO exercise (id, chapter, subchapter, topic, text) VALUES (428, 3, 8, 37, '10131  Is Bigger Smarter?');
INSERT INTO exercise (id, chapter, subchapter, topic, text) VALUES (429, 3, 8, 37, '10534  Wavio Sequence');
INSERT INTO exercise (id, chapter, subchapter, topic, text) VALUES (430, 3, 8, 37, '11368  Nested Dolls');
INSERT INTO exercise (id, chapter, subchapter, topic, text) VALUES (431, 3, 8, 37, '11456  Trainsorting ★');
INSERT INTO exercise (id, chapter, subchapter, topic, text) VALUES (432, 3, 8, 37, '11790  Murcia''s Skyline ★');
INSERT INTO topic (id, subchapter, text) VALUES (38, 8, '0-1 Knapsack (Subset Sum)');
INSERT INTO exercise (id, chapter, subchapter, topic, text) VALUES (433, 3, 8, 38, '562  Dividing coins');
INSERT INTO exercise (id, chapter, subchapter, topic, text) VALUES (434, 3, 8, 38, '990  Diving for Gold');
INSERT INTO exercise (id, chapter, subchapter, topic, text) VALUES (435, 3, 8, 38, '1213  Sum of Different Primes');
INSERT INTO exercise (id, chapter, subchapter, topic, text) VALUES (436, 3, 8, 38, '10130  SuperSale');
INSERT INTO exercise (id, chapter, subchapter, topic, text) VALUES (437, 3, 8, 38, '10261  Ferry Loading');
INSERT INTO exercise (id, chapter, subchapter, topic, text) VALUES (438, 3, 8, 38, '10616  Divisible Group Sums ★');
INSERT INTO exercise (id, chapter, subchapter, topic, text) VALUES (439, 3, 8, 38, '10664  Luggage');
INSERT INTO exercise (id, chapter, subchapter, topic, text) VALUES (440, 3, 8, 38, '10819  Trouble of 13-Dots ★');
INSERT INTO exercise (id, chapter, subchapter, topic, text) VALUES (441, 3, 8, 38, '11003  Boxes');
INSERT INTO exercise (id, chapter, subchapter, topic, text) VALUES (442, 3, 8, 38, '11341  Term Strategy');
INSERT INTO exercise (id, chapter, subchapter, topic, text) VALUES (443, 3, 8, 38, '11566  Let''s Yum Cha! ★');
INSERT INTO exercise (id, chapter, subchapter, topic, text) VALUES (444, 3, 8, 38, '11658  Best Coalitions');
INSERT INTO topic (id, subchapter, text) VALUES (39, 8, 'Coin Change (CC)');
INSERT INTO exercise (id, chapter, subchapter, topic, text) VALUES (445, 3, 8, 39, '147  Dollars');
INSERT INTO exercise (id, chapter, subchapter, topic, text) VALUES (446, 3, 8, 39, '166  Making Change');
INSERT INTO exercise (id, chapter, subchapter, topic, text) VALUES (447, 3, 8, 39, '357  Let Me Count The Ways ★');
INSERT INTO exercise (id, chapter, subchapter, topic, text) VALUES (448, 3, 8, 39, '674  Coin Change');
INSERT INTO exercise (id, chapter, subchapter, topic, text) VALUES (449, 3, 8, 39, '10306  e-Coins ★');
INSERT INTO exercise (id, chapter, subchapter, topic, text) VALUES (450, 3, 8, 39, '10313  Pay the Price');
INSERT INTO exercise (id, chapter, subchapter, topic, text) VALUES (451, 3, 8, 39, '11137  Ingenuous Cubrency');
INSERT INTO exercise (id, chapter, subchapter, topic, text) VALUES (452, 3, 8, 39, '11517  Exact Change ★');
INSERT INTO topic (id, subchapter, text) VALUES (40, 8, 'Traveling Salesman Problem (TSP)');
INSERT INTO exercise (id, chapter, subchapter, topic, text) VALUES (453, 3, 8, 40, '216  Getting in Line ★');
INSERT INTO exercise (id, chapter, subchapter, topic, text) VALUES (454, 3, 8, 40, '10496  Collecting Beepers ★');
INSERT INTO exercise (id, chapter, subchapter, topic, text) VALUES (455, 3, 8, 40, '11284  Shopping Trip ★');
INSERT INTO topic (id, subchapter, text) VALUES (41, 8, 'Non Classical (The Easier Ones)');
INSERT INTO exercise (id, chapter, subchapter, topic, text) VALUES (456, 3, 8, 41, '116  Unidirectional TSP');
INSERT INTO exercise (id, chapter, subchapter, topic, text) VALUES (457, 3, 8, 41, '196  Spreadsheet');
INSERT INTO exercise (id, chapter, subchapter, topic, text) VALUES (458, 3, 8, 41, '1261  String Popping');
INSERT INTO exercise (id, chapter, subchapter, topic, text) VALUES (459, 3, 8, 41, '10003  Cutting Sticks');
INSERT INTO exercise (id, chapter, subchapter, topic, text) VALUES (460, 3, 8, 41, '10036  Divisibility');
INSERT INTO exercise (id, chapter, subchapter, topic, text) VALUES (461, 3, 8, 41, '10086  Test the Rods');
INSERT INTO exercise (id, chapter, subchapter, topic, text) VALUES (462, 3, 8, 41, '10337  Flight Planner ★');
INSERT INTO exercise (id, chapter, subchapter, topic, text) VALUES (463, 3, 8, 41, '10400  Game Show Math');
INSERT INTO exercise (id, chapter, subchapter, topic, text) VALUES (464, 3, 8, 41, '10446  The Marriage Interview :-)');
INSERT INTO exercise (id, chapter, subchapter, topic, text) VALUES (465, 3, 8, 41, '10465  Homer Simpson');
INSERT INTO exercise (id, chapter, subchapter, topic, text) VALUES (466, 3, 8, 41, '10520  Determine it');
INSERT INTO exercise (id, chapter, subchapter, topic, text) VALUES (467, 3, 8, 41, '10688  The Poor Giant');
INSERT INTO exercise (id, chapter, subchapter, topic, text) VALUES (468, 3, 8, 41, '10721  Bar Codes ★');
INSERT INTO exercise (id, chapter, subchapter, topic, text) VALUES (469, 3, 8, 41, '10910  Marks Distribution');
INSERT INTO exercise (id, chapter, subchapter, topic, text) VALUES (470, 3, 8, 41, '10912  Simple Minded Hashing');
INSERT INTO exercise (id, chapter, subchapter, topic, text) VALUES (471, 3, 8, 41, '10943  How do you add? ★');
INSERT INTO exercise (id, chapter, subchapter, topic, text) VALUES (472, 3, 8, 41, '10980  Lowest Price in Town');
INSERT INTO exercise (id, chapter, subchapter, topic, text) VALUES (473, 3, 8, 41, '11026  A Grouping Problem');
INSERT INTO exercise (id, chapter, subchapter, topic, text) VALUES (474, 3, 8, 41, '11407  Squares');
INSERT INTO exercise (id, chapter, subchapter, topic, text) VALUES (475, 3, 8, 41, '11420  Chest of Drawers');
INSERT INTO exercise (id, chapter, subchapter, topic, text) VALUES (476, 3, 8, 41, '11450  Wedding shopping');
INSERT INTO exercise (id, chapter, subchapter, topic, text) VALUES (477, 3, 8, 41, '11703  sqrt log sin');
INSERT INTO subchapter (id, chapter, text) VALUES (9, 3, 'Greedy');
INSERT INTO topic (id, subchapter, text) VALUES (42, 9, 'Classical, Usually Easier');
INSERT INTO exercise (id, chapter, subchapter, topic, text) VALUES (478, 3, 9, 42, '410  Station Balance');
INSERT INTO exercise (id, chapter, subchapter, topic, text) VALUES (479, 3, 9, 42, '1193  Radar Installation');
INSERT INTO exercise (id, chapter, subchapter, topic, text) VALUES (480, 3, 9, 42, '10020  Minimal coverage');
INSERT INTO exercise (id, chapter, subchapter, topic, text) VALUES (481, 3, 9, 42, '10382  Watering Grass');
INSERT INTO exercise (id, chapter, subchapter, topic, text) VALUES (482, 3, 9, 42, '11264  Coin Collector ★');
INSERT INTO exercise (id, chapter, subchapter, topic, text) VALUES (483, 3, 9, 42, '11389  The Bus Driver Problem ★');
INSERT INTO exercise (id, chapter, subchapter, topic, text) VALUES (484, 3, 9, 42, '12321  Gas Stations');
INSERT INTO exercise (id, chapter, subchapter, topic, text) VALUES (485, 3, 9, 42, '12405  Scarecrow ★');
INSERT INTO topic (id, subchapter, text) VALUES (43, 9, 'Involving Sorting (Or The Input Is Already Sorted)');
INSERT INTO exercise (id, chapter, subchapter, topic, text) VALUES (486, 3, 9, 43, '10026  Shoemaker''s Problem');
INSERT INTO exercise (id, chapter, subchapter, topic, text) VALUES (487, 3, 9, 43, '10037  Bridge');
INSERT INTO exercise (id, chapter, subchapter, topic, text) VALUES (488, 3, 9, 43, '10249  The Grand Dinner');
INSERT INTO exercise (id, chapter, subchapter, topic, text) VALUES (489, 3, 9, 43, '10670  Work Reduction');
INSERT INTO exercise (id, chapter, subchapter, topic, text) VALUES (490, 3, 9, 43, '10763  Foreign Exchange');
INSERT INTO exercise (id, chapter, subchapter, topic, text) VALUES (491, 3, 9, 43, '10785  The Mad Numerologist');
INSERT INTO exercise (id, chapter, subchapter, topic, text) VALUES (492, 3, 9, 43, '11100  The Trip, 2007 ★');
INSERT INTO exercise (id, chapter, subchapter, topic, text) VALUES (493, 3, 9, 43, '11103  WFF ''N PROOF');
INSERT INTO exercise (id, chapter, subchapter, topic, text) VALUES (494, 3, 9, 43, '11269  Setting Problems');
INSERT INTO exercise (id, chapter, subchapter, topic, text) VALUES (495, 3, 9, 43, '11292  Dragon of Loowater ★');
INSERT INTO exercise (id, chapter, subchapter, topic, text) VALUES (496, 3, 9, 43, '11369  Shopaholic');
INSERT INTO exercise (id, chapter, subchapter, topic, text) VALUES (497, 3, 9, 43, '11729  Commando War');
INSERT INTO exercise (id, chapter, subchapter, topic, text) VALUES (498, 3, 9, 43, '11900  Boiled Eggs');
INSERT INTO exercise (id, chapter, subchapter, topic, text) VALUES (499, 3, 9, 43, '12210  A Match Making Problem ★');
INSERT INTO exercise (id, chapter, subchapter, topic, text) VALUES (500, 3, 9, 43, '12485  Perfect Choir');
INSERT INTO topic (id, subchapter, text) VALUES (44, 9, 'Non Classical, Usually Harder');
INSERT INTO exercise (id, chapter, subchapter, topic, text) VALUES (501, 3, 9, 44, '311  Packets');
INSERT INTO exercise (id, chapter, subchapter, topic, text) VALUES (502, 3, 9, 44, '668  Parliament');
INSERT INTO exercise (id, chapter, subchapter, topic, text) VALUES (503, 3, 9, 44, '10152  ShellSort');
INSERT INTO exercise (id, chapter, subchapter, topic, text) VALUES (504, 3, 9, 44, '10340  All in All');
INSERT INTO exercise (id, chapter, subchapter, topic, text) VALUES (505, 3, 9, 44, '10440  Ferry Loading II');
INSERT INTO exercise (id, chapter, subchapter, topic, text) VALUES (506, 3, 9, 44, '10602  Editor Nottoobad');
INSERT INTO exercise (id, chapter, subchapter, topic, text) VALUES (507, 3, 9, 44, '10656  Maximum Sum (II) ★');
INSERT INTO exercise (id, chapter, subchapter, topic, text) VALUES (508, 3, 9, 44, '10672  Marbles on a tree');
INSERT INTO exercise (id, chapter, subchapter, topic, text) VALUES (509, 3, 9, 44, '10700  Camel trading');
INSERT INTO exercise (id, chapter, subchapter, topic, text) VALUES (510, 3, 9, 44, '10714  Ants');
INSERT INTO exercise (id, chapter, subchapter, topic, text) VALUES (511, 3, 9, 44, '10718  Bit Mask ★');
INSERT INTO exercise (id, chapter, subchapter, topic, text) VALUES (512, 3, 9, 44, '10982  Troublemakers');
INSERT INTO exercise (id, chapter, subchapter, topic, text) VALUES (513, 3, 9, 44, '11054  Wine trading in Gergovia');
INSERT INTO exercise (id, chapter, subchapter, topic, text) VALUES (514, 3, 9, 44, '11157  Dynamic Frog ★');
INSERT INTO exercise (id, chapter, subchapter, topic, text) VALUES (515, 3, 9, 44, '11230  Annoying painting tool');
INSERT INTO exercise (id, chapter, subchapter, topic, text) VALUES (516, 3, 9, 44, '11240  Antimonotonicity');
INSERT INTO exercise (id, chapter, subchapter, topic, text) VALUES (517, 3, 9, 44, '11335  Discrete Pursuit');
INSERT INTO exercise (id, chapter, subchapter, topic, text) VALUES (518, 3, 9, 44, '11520  Fill the Square');
INSERT INTO exercise (id, chapter, subchapter, topic, text) VALUES (519, 3, 9, 44, '11532  Simple Adjacency Maximization');
INSERT INTO exercise (id, chapter, subchapter, topic, text) VALUES (520, 3, 9, 44, '11567  Moliu Number Generator');
INSERT INTO exercise (id, chapter, subchapter, topic, text) VALUES (521, 3, 9, 44, '12482  Short Story Competition');
INSERT INTO subchapter (id, chapter, text) VALUES (10, 3, 'Divide and Conquer');
INSERT INTO topic (id, subchapter, text) VALUES (45, 10, 'Binary Search');
INSERT INTO exercise (id, chapter, subchapter, topic, text) VALUES (522, 3, 10, 45, '679  Dropping Balls');
INSERT INTO exercise (id, chapter, subchapter, topic, text) VALUES (523, 3, 10, 45, '957  Popes');
INSERT INTO exercise (id, chapter, subchapter, topic, text) VALUES (524, 3, 10, 45, '10077  The Stern-Brocot Number System');
INSERT INTO exercise (id, chapter, subchapter, topic, text) VALUES (525, 3, 10, 45, '10474  Where is the Marble?');
INSERT INTO exercise (id, chapter, subchapter, topic, text) VALUES (526, 3, 10, 45, '10567  Helping Fill Bates ★');
INSERT INTO exercise (id, chapter, subchapter, topic, text) VALUES (527, 3, 10, 45, '10611  The Playboy Chimp');
INSERT INTO exercise (id, chapter, subchapter, topic, text) VALUES (528, 3, 10, 45, '10706  Number Sequence');
INSERT INTO exercise (id, chapter, subchapter, topic, text) VALUES (529, 3, 10, 45, '10742  The New Rule in Euphomia');
INSERT INTO exercise (id, chapter, subchapter, topic, text) VALUES (530, 3, 10, 45, '11057  Exact Sum ★');
INSERT INTO exercise (id, chapter, subchapter, topic, text) VALUES (531, 3, 10, 45, '11621  Small Factors');
INSERT INTO exercise (id, chapter, subchapter, topic, text) VALUES (532, 3, 10, 45, '11701  Cantor');
INSERT INTO exercise (id, chapter, subchapter, topic, text) VALUES (533, 3, 10, 45, '11876  N + NOD (N)');
INSERT INTO exercise (id, chapter, subchapter, topic, text) VALUES (534, 3, 10, 45, '12192  Grapevine ★');
INSERT INTO topic (id, subchapter, text) VALUES (46, 10, 'Binary Search the Answer');
INSERT INTO exercise (id, chapter, subchapter, topic, text) VALUES (535, 3, 10, 46, '10341  Solve It ★');
INSERT INTO exercise (id, chapter, subchapter, topic, text) VALUES (536, 3, 10, 46, '11413  Fill the Containers ★');
INSERT INTO exercise (id, chapter, subchapter, topic, text) VALUES (537, 3, 10, 46, '11881  Internal Rate of Return');
INSERT INTO exercise (id, chapter, subchapter, topic, text) VALUES (538, 3, 10, 46, '11935  Through the Desert');
INSERT INTO exercise (id, chapter, subchapter, topic, text) VALUES (539, 3, 10, 46, '12032  The Monkey and the Oiled Bamboo ★');
INSERT INTO exercise (id, chapter, subchapter, topic, text) VALUES (540, 3, 10, 46, '12190  Electric Bill');
INSERT INTO topic (id, subchapter, text) VALUES (47, 10, 'Other Divide and Conquer Problems');
INSERT INTO exercise (id, chapter, subchapter, topic, text) VALUES (541, 3, 10, 47, '183  Bit Maps ★');
INSERT INTO chapter (id, text) VALUES (4, 'Capitulo 04');
INSERT INTO subchapter (id, chapter, text) VALUES (11, 4, 'Graph Traversal');
INSERT INTO topic (id, subchapter, text) VALUES (48, 11, 'Just Graph Traversal');
INSERT INTO exercise (id, chapter, subchapter, topic, text) VALUES (542, 4, 11, 48, '118  Mutant Flatworld Explorers');
INSERT INTO exercise (id, chapter, subchapter, topic, text) VALUES (543, 4, 11, 48, '168  Theseus and the Minotaur');
INSERT INTO exercise (id, chapter, subchapter, topic, text) VALUES (544, 4, 11, 48, '280  Vertex');
INSERT INTO exercise (id, chapter, subchapter, topic, text) VALUES (545, 4, 11, 48, '318  Domino Effect');
INSERT INTO exercise (id, chapter, subchapter, topic, text) VALUES (546, 4, 11, 48, '614  Mapping the Route');
INSERT INTO exercise (id, chapter, subchapter, topic, text) VALUES (547, 4, 11, 48, '824  Coast Tracker');
INSERT INTO exercise (id, chapter, subchapter, topic, text) VALUES (548, 4, 11, 48, '10113  Exchange Rates');
INSERT INTO exercise (id, chapter, subchapter, topic, text) VALUES (549, 4, 11, 48, '10116  Robot Motion');
INSERT INTO exercise (id, chapter, subchapter, topic, text) VALUES (550, 4, 11, 48, '10377  Maze Traversal');
INSERT INTO exercise (id, chapter, subchapter, topic, text) VALUES (551, 4, 11, 48, '10687  Monitoring the Amazon');
INSERT INTO exercise (id, chapter, subchapter, topic, text) VALUES (552, 4, 11, 48, '11831  Sticker Collector Robot ★');
INSERT INTO exercise (id, chapter, subchapter, topic, text) VALUES (553, 4, 11, 48, '11902  Dominator');
INSERT INTO exercise (id, chapter, subchapter, topic, text) VALUES (554, 4, 11, 48, '11906  Knight in a War Grid ★');
INSERT INTO exercise (id, chapter, subchapter, topic, text) VALUES (555, 4, 11, 48, '12376  As Long as I Learn, I Live');
INSERT INTO exercise (id, chapter, subchapter, topic, text) VALUES (556, 4, 11, 48, '12442  Forwarding Emails ★');
INSERT INTO exercise (id, chapter, subchapter, topic, text) VALUES (557, 4, 11, 48, '12582  Wedding of Sultan');
INSERT INTO topic (id, subchapter, text) VALUES (49, 11, 'Flood Fill');
INSERT INTO exercise (id, chapter, subchapter, topic, text) VALUES (558, 4, 11, 49, 'Finding Connected Components');
INSERT INTO topic (id, subchapter, text) VALUES (50, 11, 'Topological Sort');
INSERT INTO exercise (id, chapter, subchapter, topic, text) VALUES (559, 4, 11, 50, '124  Following Orders');
INSERT INTO exercise (id, chapter, subchapter, topic, text) VALUES (560, 4, 11, 50, '200  Rare Order');
INSERT INTO exercise (id, chapter, subchapter, topic, text) VALUES (561, 4, 11, 50, '872  Ordering ★');
INSERT INTO exercise (id, chapter, subchapter, topic, text) VALUES (562, 4, 11, 50, '10305  Ordering Tasks ★');
INSERT INTO exercise (id, chapter, subchapter, topic, text) VALUES (563, 4, 11, 50, '11060  Beverages ★');
INSERT INTO exercise (id, chapter, subchapter, topic, text) VALUES (564, 4, 11, 50, '11686  Pick up sticks');
INSERT INTO topic (id, subchapter, text) VALUES (51, 11, 'Bipartite Graph Check');
INSERT INTO exercise (id, chapter, subchapter, topic, text) VALUES (565, 4, 11, 51, '10004  Bicoloring ★');
INSERT INTO exercise (id, chapter, subchapter, topic, text) VALUES (566, 4, 11, 51, '10505  Montesco vs Capuleto');
INSERT INTO exercise (id, chapter, subchapter, topic, text) VALUES (567, 4, 11, 51, '11080  Place the Guards ★');
INSERT INTO exercise (id, chapter, subchapter, topic, text) VALUES (568, 4, 11, 51, '11396  Claw Decomposition ★');
INSERT INTO topic (id, subchapter, text) VALUES (52, 11, 'Finding Articulation Points');
INSERT INTO exercise (id, chapter, subchapter, topic, text) VALUES (569, 4, 11, 52, 'Bridges');
INSERT INTO topic (id, subchapter, text) VALUES (53, 11, 'Finding Strongly Connected Components');
INSERT INTO exercise (id, chapter, subchapter, topic, text) VALUES (570, 4, 11, 53, '247  Calling Circles ★');
INSERT INTO exercise (id, chapter, subchapter, topic, text) VALUES (571, 4, 11, 53, '1229  Sub-dictionary');
INSERT INTO exercise (id, chapter, subchapter, topic, text) VALUES (572, 4, 11, 53, '10731  Test');
INSERT INTO exercise (id, chapter, subchapter, topic, text) VALUES (573, 4, 11, 53, '11504  Dominos ★');
INSERT INTO exercise (id, chapter, subchapter, topic, text) VALUES (574, 4, 11, 53, '11709  Trust groups');
INSERT INTO exercise (id, chapter, subchapter, topic, text) VALUES (575, 4, 11, 53, '11770  Lighting Away');
INSERT INTO exercise (id, chapter, subchapter, topic, text) VALUES (576, 4, 11, 53, '11838  Come and Go ★');
INSERT INTO subchapter (id, chapter, text) VALUES (12, 4, 'Minimum Spanning Tree');
INSERT INTO topic (id, subchapter, text) VALUES (54, 12, 'Standard');
INSERT INTO exercise (id, chapter, subchapter, topic, text) VALUES (577, 4, 12, 54, '908  Re-connecting Computer Sites');
INSERT INTO exercise (id, chapter, subchapter, topic, text) VALUES (578, 4, 12, 54, '1174  IP-TV');
INSERT INTO exercise (id, chapter, subchapter, topic, text) VALUES (579, 4, 12, 54, '1208  Oreon');
INSERT INTO exercise (id, chapter, subchapter, topic, text) VALUES (580, 4, 12, 54, '1235  Anti Brute Force Lock');
INSERT INTO exercise (id, chapter, subchapter, topic, text) VALUES (581, 4, 12, 54, '10034  Freckles');
INSERT INTO exercise (id, chapter, subchapter, topic, text) VALUES (582, 4, 12, 54, '11228  Transportation system. ★');
INSERT INTO exercise (id, chapter, subchapter, topic, text) VALUES (583, 4, 12, 54, '11631  Dark roads ★');
INSERT INTO exercise (id, chapter, subchapter, topic, text) VALUES (584, 4, 12, 54, '11710  Expensive subway');
INSERT INTO exercise (id, chapter, subchapter, topic, text) VALUES (585, 4, 12, 54, '11733  Airports');
INSERT INTO exercise (id, chapter, subchapter, topic, text) VALUES (586, 4, 12, 54, '11747  Heavy Cycle Edges ★');
INSERT INTO exercise (id, chapter, subchapter, topic, text) VALUES (587, 4, 12, 54, '11857  Driving Range');
INSERT INTO topic (id, subchapter, text) VALUES (55, 12, 'Variants');
INSERT INTO exercise (id, chapter, subchapter, topic, text) VALUES (588, 4, 12, 55, '534  Frogger');
INSERT INTO exercise (id, chapter, subchapter, topic, text) VALUES (589, 4, 12, 55, '544  Heavy Cargo');
INSERT INTO exercise (id, chapter, subchapter, topic, text) VALUES (590, 4, 12, 55, '1160  X-Plosives');
INSERT INTO exercise (id, chapter, subchapter, topic, text) VALUES (591, 4, 12, 55, '1216  The Bug Sensor Problem');
INSERT INTO exercise (id, chapter, subchapter, topic, text) VALUES (592, 4, 12, 55, '1234  RACING');
INSERT INTO exercise (id, chapter, subchapter, topic, text) VALUES (593, 4, 12, 55, '10048  Audiophobia ★');
INSERT INTO exercise (id, chapter, subchapter, topic, text) VALUES (594, 4, 12, 55, '10099  The Tourist Guide');
INSERT INTO exercise (id, chapter, subchapter, topic, text) VALUES (595, 4, 12, 55, '10147  Highways');
INSERT INTO exercise (id, chapter, subchapter, topic, text) VALUES (596, 4, 12, 55, '10369  Arctic Network ★');
INSERT INTO exercise (id, chapter, subchapter, topic, text) VALUES (597, 4, 12, 55, '10397  Connect the Campus');
INSERT INTO exercise (id, chapter, subchapter, topic, text) VALUES (598, 4, 12, 55, '10462  Is There A Second Way Left?');
INSERT INTO exercise (id, chapter, subchapter, topic, text) VALUES (599, 4, 12, 55, '10600  ACM Contest and Blackout ★');
INSERT INTO exercise (id, chapter, subchapter, topic, text) VALUES (600, 4, 12, 55, '10842  Traffic Flow');
INSERT INTO subchapter (id, chapter, text) VALUES (13, 4, 'Single-Source Shortest Paths (SSSP)');
INSERT INTO topic (id, subchapter, text) VALUES (56, 13, 'On Unweighted Graph: BFS, Easier');
INSERT INTO exercise (id, chapter, subchapter, topic, text) VALUES (601, 4, 13, 56, '336  A Node Too Far');
INSERT INTO exercise (id, chapter, subchapter, topic, text) VALUES (602, 4, 13, 56, '383  Shipping Routes');
INSERT INTO exercise (id, chapter, subchapter, topic, text) VALUES (603, 4, 13, 56, '388  Galactic Import');
INSERT INTO exercise (id, chapter, subchapter, topic, text) VALUES (604, 4, 13, 56, '429  Word Transformation ★');
INSERT INTO exercise (id, chapter, subchapter, topic, text) VALUES (605, 4, 13, 56, '627  The Net');
INSERT INTO exercise (id, chapter, subchapter, topic, text) VALUES (606, 4, 13, 56, '762  We Ship Cheap');
INSERT INTO exercise (id, chapter, subchapter, topic, text) VALUES (607, 4, 13, 56, '924  Spreading The News ★');
INSERT INTO exercise (id, chapter, subchapter, topic, text) VALUES (608, 4, 13, 56, '1148  The mysterious X network');
INSERT INTO exercise (id, chapter, subchapter, topic, text) VALUES (609, 4, 13, 56, '10009  All Roads Lead Where?');
INSERT INTO exercise (id, chapter, subchapter, topic, text) VALUES (610, 4, 13, 56, '10422  Knights in FEN');
INSERT INTO exercise (id, chapter, subchapter, topic, text) VALUES (611, 4, 13, 56, '10610  Gopher and Hawks');
INSERT INTO exercise (id, chapter, subchapter, topic, text) VALUES (612, 4, 13, 56, '10653  Bombs! NO they are Mines!! ★');
INSERT INTO exercise (id, chapter, subchapter, topic, text) VALUES (613, 4, 13, 56, '10959  The Party, Part I');
INSERT INTO topic (id, subchapter, text) VALUES (57, 13, 'On Unweighted Graph: BFS, Harder');
INSERT INTO exercise (id, chapter, subchapter, topic, text) VALUES (614, 4, 13, 57, '314  Robot ★');
INSERT INTO exercise (id, chapter, subchapter, topic, text) VALUES (615, 4, 13, 57, '532  Dungeon Master');
INSERT INTO exercise (id, chapter, subchapter, topic, text) VALUES (616, 4, 13, 57, '859  Chinese Checkers');
INSERT INTO exercise (id, chapter, subchapter, topic, text) VALUES (617, 4, 13, 57, '949  Getaway');
INSERT INTO exercise (id, chapter, subchapter, topic, text) VALUES (618, 4, 13, 57, '10044  Erdos Numbers');
INSERT INTO exercise (id, chapter, subchapter, topic, text) VALUES (619, 4, 13, 57, '10067  Playing with Wheels');
INSERT INTO exercise (id, chapter, subchapter, topic, text) VALUES (620, 4, 13, 57, '10150  Doublets');
INSERT INTO exercise (id, chapter, subchapter, topic, text) VALUES (621, 4, 13, 57, '10977  Enchanted Forest');
INSERT INTO exercise (id, chapter, subchapter, topic, text) VALUES (622, 4, 13, 57, '11049  Basic wall maze');
INSERT INTO exercise (id, chapter, subchapter, topic, text) VALUES (623, 4, 13, 57, '11101  Mall Mania ★');
INSERT INTO exercise (id, chapter, subchapter, topic, text) VALUES (624, 4, 13, 57, '11352  Crazy King');
INSERT INTO exercise (id, chapter, subchapter, topic, text) VALUES (625, 4, 13, 57, '11624  Fire!');
INSERT INTO exercise (id, chapter, subchapter, topic, text) VALUES (626, 4, 13, 57, '11792  Krochanska is Here!');
INSERT INTO exercise (id, chapter, subchapter, topic, text) VALUES (627, 4, 13, 57, '12160  Unlock the Lock ★');
INSERT INTO topic (id, subchapter, text) VALUES (58, 13, 'On Weighted Graph: Dijkstra''s, Easier');
INSERT INTO exercise (id, chapter, subchapter, topic, text) VALUES (628, 4, 13, 58, '929  Number Maze ★');
INSERT INTO exercise (id, chapter, subchapter, topic, text) VALUES (629, 4, 13, 58, '1112  Mice and Maze ★');
INSERT INTO exercise (id, chapter, subchapter, topic, text) VALUES (630, 4, 13, 58, '10389  Subway');
INSERT INTO exercise (id, chapter, subchapter, topic, text) VALUES (631, 4, 13, 58, '10986  Sending email ★');
INSERT INTO topic (id, subchapter, text) VALUES (59, 13, 'On Weighted Graph: Dijkstra''s, Harder');
INSERT INTO exercise (id, chapter, subchapter, topic, text) VALUES (632, 4, 13, 59, '1202  Finding Nemo');
INSERT INTO exercise (id, chapter, subchapter, topic, text) VALUES (633, 4, 13, 59, '10166  Travel');
INSERT INTO exercise (id, chapter, subchapter, topic, text) VALUES (634, 4, 13, 59, '10187  From Dusk Till Dawn');
INSERT INTO exercise (id, chapter, subchapter, topic, text) VALUES (635, 4, 13, 59, '10278  Fire Station');
INSERT INTO exercise (id, chapter, subchapter, topic, text) VALUES (636, 4, 13, 59, '10356  Rough Roads');
INSERT INTO exercise (id, chapter, subchapter, topic, text) VALUES (637, 4, 13, 59, '10603  Fill');
INSERT INTO exercise (id, chapter, subchapter, topic, text) VALUES (638, 4, 13, 59, '10801  Lift Hopping ★');
INSERT INTO exercise (id, chapter, subchapter, topic, text) VALUES (639, 4, 13, 59, '10967  The Great Escape');
INSERT INTO exercise (id, chapter, subchapter, topic, text) VALUES (640, 4, 13, 59, '11338  Minefield');
INSERT INTO exercise (id, chapter, subchapter, topic, text) VALUES (641, 4, 13, 59, '11367  Full Tank?');
INSERT INTO exercise (id, chapter, subchapter, topic, text) VALUES (642, 4, 13, 59, '11377  Airport Setup');
INSERT INTO exercise (id, chapter, subchapter, topic, text) VALUES (643, 4, 13, 59, '11492  Babel ★');
INSERT INTO exercise (id, chapter, subchapter, topic, text) VALUES (644, 4, 13, 59, '11833  Route Change');
INSERT INTO exercise (id, chapter, subchapter, topic, text) VALUES (645, 4, 13, 59, '12047  Highest Paid Toll ★');
INSERT INTO exercise (id, chapter, subchapter, topic, text) VALUES (646, 4, 13, 59, '12144  Almost Shortest Path');
INSERT INTO topic (id, subchapter, text) VALUES (60, 13, 'On Graph with Negative Weight Cycle: Bellman Ford''s');
INSERT INTO exercise (id, chapter, subchapter, topic, text) VALUES (647, 4, 13, 60, '558  Wormholes ★');
INSERT INTO exercise (id, chapter, subchapter, topic, text) VALUES (648, 4, 13, 60, '10449  Traffic ★');
INSERT INTO exercise (id, chapter, subchapter, topic, text) VALUES (649, 4, 13, 60, '10557  XYZZY ★');
INSERT INTO exercise (id, chapter, subchapter, topic, text) VALUES (650, 4, 13, 60, '11280  Flying to Fredericton');
INSERT INTO subchapter (id, chapter, text) VALUES (14, 4, 'All-Pairs Shortest Paths');
INSERT INTO topic (id, subchapter, text) VALUES (61, 14, 'Standard');
INSERT INTO exercise (id, chapter, subchapter, topic, text) VALUES (651, 4, 14, 61, '341  Non-Stop Travel');
INSERT INTO exercise (id, chapter, subchapter, topic, text) VALUES (652, 4, 14, 61, '423  MPI Maelstrom');
INSERT INTO exercise (id, chapter, subchapter, topic, text) VALUES (653, 4, 14, 61, '567  Risk');
INSERT INTO exercise (id, chapter, subchapter, topic, text) VALUES (654, 4, 14, 61, '821  Page Hopping ★');
INSERT INTO exercise (id, chapter, subchapter, topic, text) VALUES (655, 4, 14, 61, '1233  USHER');
INSERT INTO exercise (id, chapter, subchapter, topic, text) VALUES (656, 4, 14, 61, '1247  Interstar Transport');
INSERT INTO exercise (id, chapter, subchapter, topic, text) VALUES (657, 4, 14, 61, '10171  Meeting Prof. Miguel... ★');
INSERT INTO exercise (id, chapter, subchapter, topic, text) VALUES (658, 4, 14, 61, '10354  Avoiding Your Boss');
INSERT INTO exercise (id, chapter, subchapter, topic, text) VALUES (659, 4, 14, 61, '10525  New to Bangladesh?');
INSERT INTO exercise (id, chapter, subchapter, topic, text) VALUES (660, 4, 14, 61, '10724  Road Construction');
INSERT INTO exercise (id, chapter, subchapter, topic, text) VALUES (661, 4, 14, 61, '10793  The Orc Attack');
INSERT INTO exercise (id, chapter, subchapter, topic, text) VALUES (662, 4, 14, 61, '10803  Thunder Mountain');
INSERT INTO exercise (id, chapter, subchapter, topic, text) VALUES (663, 4, 14, 61, '10947  Bear with me, again..');
INSERT INTO exercise (id, chapter, subchapter, topic, text) VALUES (664, 4, 14, 61, '11015  05-2 Rendezvous');
INSERT INTO exercise (id, chapter, subchapter, topic, text) VALUES (665, 4, 14, 61, '11463  Commandos ★');
INSERT INTO exercise (id, chapter, subchapter, topic, text) VALUES (666, 4, 14, 61, '12319  Edgetown''s Traffic Jams');
INSERT INTO topic (id, subchapter, text) VALUES (62, 14, 'Variants');
INSERT INTO exercise (id, chapter, subchapter, topic, text) VALUES (667, 4, 14, 62, '104  Arbitrage ★');
INSERT INTO exercise (id, chapter, subchapter, topic, text) VALUES (668, 4, 14, 62, '125  Numbering Paths');
INSERT INTO exercise (id, chapter, subchapter, topic, text) VALUES (669, 4, 14, 62, '186  Trip Routing');
INSERT INTO exercise (id, chapter, subchapter, topic, text) VALUES (670, 4, 14, 62, '274  Cat and Mouse');
INSERT INTO exercise (id, chapter, subchapter, topic, text) VALUES (671, 4, 14, 62, '436  Arbitrage (II)');
INSERT INTO exercise (id, chapter, subchapter, topic, text) VALUES (672, 4, 14, 62, '334  Identifying Concurrent Events ★');
INSERT INTO exercise (id, chapter, subchapter, topic, text) VALUES (673, 4, 14, 62, '869  Airline Comparison');
INSERT INTO exercise (id, chapter, subchapter, topic, text) VALUES (674, 4, 14, 62, '925  No more prerequisites, please!');
INSERT INTO exercise (id, chapter, subchapter, topic, text) VALUES (675, 4, 14, 62, '1056  Degrees of Separation ★');
INSERT INTO exercise (id, chapter, subchapter, topic, text) VALUES (676, 4, 14, 62, '1198  The Geodetic Set Problem');
INSERT INTO exercise (id, chapter, subchapter, topic, text) VALUES (677, 4, 14, 62, '11047  The Scrooge Co Problem');
INSERT INTO subchapter (id, chapter, text) VALUES (15, 4, 'Network Flow');
INSERT INTO topic (id, subchapter, text) VALUES (63, 15, 'Standard Max Flow Problem (Edmonds Karp''s)');
INSERT INTO exercise (id, chapter, subchapter, topic, text) VALUES (678, 4, 15, 63, '259  Software Allocation ★');
INSERT INTO exercise (id, chapter, subchapter, topic, text) VALUES (679, 4, 15, 63, '820  Internet Bandwidth ★');
INSERT INTO exercise (id, chapter, subchapter, topic, text) VALUES (680, 4, 15, 63, '10092  The Problem with the Problem Setter');
INSERT INTO exercise (id, chapter, subchapter, topic, text) VALUES (681, 4, 15, 63, '10511  Councilling');
INSERT INTO exercise (id, chapter, subchapter, topic, text) VALUES (682, 4, 15, 63, '10779  Collectors Problem');
INSERT INTO exercise (id, chapter, subchapter, topic, text) VALUES (683, 4, 15, 63, '11045  My T-shirt suits me');
INSERT INTO exercise (id, chapter, subchapter, topic, text) VALUES (684, 4, 15, 63, '11167  Monkeys in the Emei Mountain ★');
INSERT INTO exercise (id, chapter, subchapter, topic, text) VALUES (685, 4, 15, 63, '11418  Clever Naming Patterns');
INSERT INTO topic (id, subchapter, text) VALUES (64, 15, 'Variants');
INSERT INTO exercise (id, chapter, subchapter, topic, text) VALUES (686, 4, 15, 64, '10330  Power Transmission');
INSERT INTO exercise (id, chapter, subchapter, topic, text) VALUES (687, 4, 15, 64, '10480  Sabotage');
INSERT INTO exercise (id, chapter, subchapter, topic, text) VALUES (688, 4, 15, 64, '11380  Down Went The Titanic ★');
INSERT INTO exercise (id, chapter, subchapter, topic, text) VALUES (689, 4, 15, 64, '11506  Angry Programmer ★');
INSERT INTO exercise (id, chapter, subchapter, topic, text) VALUES (690, 4, 15, 64, '12125  March of the Penguins ★');
INSERT INTO subchapter (id, chapter, text) VALUES (16, 4, 'Special Graphs (Others)');
INSERT INTO topic (id, subchapter, text) VALUES (65, 16, 'Tree');
INSERT INTO exercise (id, chapter, subchapter, topic, text) VALUES (691, 4, 16, 65, '112  Tree Summing');
INSERT INTO exercise (id, chapter, subchapter, topic, text) VALUES (692, 4, 16, 65, '115  Climbing Trees');
INSERT INTO exercise (id, chapter, subchapter, topic, text) VALUES (693, 4, 16, 65, '122  Trees on the level');
INSERT INTO exercise (id, chapter, subchapter, topic, text) VALUES (694, 4, 16, 65, '536  Tree Recovery');
INSERT INTO exercise (id, chapter, subchapter, topic, text) VALUES (695, 4, 16, 65, '548  Tree');
INSERT INTO exercise (id, chapter, subchapter, topic, text) VALUES (696, 4, 16, 65, '615  Is It A Tree?');
INSERT INTO exercise (id, chapter, subchapter, topic, text) VALUES (697, 4, 16, 65, '699  The Falling Leaves');
INSERT INTO exercise (id, chapter, subchapter, topic, text) VALUES (698, 4, 16, 65, '712  S-Trees');
INSERT INTO exercise (id, chapter, subchapter, topic, text) VALUES (699, 4, 16, 65, '839  Not so Mobile');
INSERT INTO exercise (id, chapter, subchapter, topic, text) VALUES (700, 4, 16, 65, '10308  Roads in the North');
INSERT INTO exercise (id, chapter, subchapter, topic, text) VALUES (701, 4, 16, 65, '10459  The Tree Root ★');
INSERT INTO exercise (id, chapter, subchapter, topic, text) VALUES (702, 4, 16, 65, '10701  Pre, in and post');
INSERT INTO exercise (id, chapter, subchapter, topic, text) VALUES (703, 4, 16, 65, '10805  Cockroach Escape Networks ★');
INSERT INTO exercise (id, chapter, subchapter, topic, text) VALUES (704, 4, 16, 65, '11131  Close Relatives');
INSERT INTO exercise (id, chapter, subchapter, topic, text) VALUES (705, 4, 16, 65, '11234  Expressions');
INSERT INTO exercise (id, chapter, subchapter, topic, text) VALUES (706, 4, 16, 65, '11615  Family Tree');
INSERT INTO exercise (id, chapter, subchapter, topic, text) VALUES (707, 4, 16, 65, '11695  Flight Planning ★');
INSERT INTO exercise (id, chapter, subchapter, topic, text) VALUES (708, 4, 16, 65, '12186  Another Crisis');
INSERT INTO exercise (id, chapter, subchapter, topic, text) VALUES (709, 4, 16, 65, '12347  Binary Search Tree');
INSERT INTO topic (id, subchapter, text) VALUES (66, 16, 'Eulerian Graph');
INSERT INTO exercise (id, chapter, subchapter, topic, text) VALUES (710, 4, 16, 66, '117  The Postal Worker Rings Once');
INSERT INTO exercise (id, chapter, subchapter, topic, text) VALUES (711, 4, 16, 66, '291  The House Of Santa Claus');
INSERT INTO exercise (id, chapter, subchapter, topic, text) VALUES (712, 4, 16, 66, '10054  The Necklace ★');
INSERT INTO exercise (id, chapter, subchapter, topic, text) VALUES (713, 4, 16, 66, '10129  Play on Words');
INSERT INTO exercise (id, chapter, subchapter, topic, text) VALUES (714, 4, 16, 66, '10203  Snow Clearing ★');
INSERT INTO exercise (id, chapter, subchapter, topic, text) VALUES (715, 4, 16, 66, '10596  Morning Walk ★');
INSERT INTO topic (id, subchapter, text) VALUES (67, 16, 'Bipartite Graph');
INSERT INTO exercise (id, chapter, subchapter, topic, text) VALUES (716, 4, 16, 67, '663  Sorting Slides');
INSERT INTO exercise (id, chapter, subchapter, topic, text) VALUES (717, 4, 16, 67, '670  The dog task');
INSERT INTO exercise (id, chapter, subchapter, topic, text) VALUES (718, 4, 16, 67, '753  A Plug for UNIX');
INSERT INTO exercise (id, chapter, subchapter, topic, text) VALUES (719, 4, 16, 67, '1194  Machine Schedule');
INSERT INTO exercise (id, chapter, subchapter, topic, text) VALUES (720, 4, 16, 67, '10080  Gopher II');
INSERT INTO exercise (id, chapter, subchapter, topic, text) VALUES (721, 4, 16, 67, '10349  Antenna Placement ★');
INSERT INTO exercise (id, chapter, subchapter, topic, text) VALUES (722, 4, 16, 67, '11138  Nuts and Bolts ★');
INSERT INTO exercise (id, chapter, subchapter, topic, text) VALUES (723, 4, 16, 67, '11159  Factors and Multiples ★');
INSERT INTO exercise (id, chapter, subchapter, topic, text) VALUES (724, 4, 16, 67, '11419  SAM I AM');
INSERT INTO exercise (id, chapter, subchapter, topic, text) VALUES (725, 4, 16, 67, '12083  Guardian of Decency');
INSERT INTO exercise (id, chapter, subchapter, topic, text) VALUES (726, 4, 16, 67, '12168  Cat vs. Dog');
INSERT INTO subchapter (id, chapter, text) VALUES (17, 4, 'Special Graph (Directed Acyclic Graph)');
INSERT INTO topic (id, subchapter, text) VALUES (68, 17, 'Single-Source Shortest');
INSERT INTO exercise (id, chapter, subchapter, topic, text) VALUES (727, 4, 17, 68, 'Longest Paths on DAG');
INSERT INTO topic (id, subchapter, text) VALUES (69, 17, 'Counting Paths in DAG');
INSERT INTO exercise (id, chapter, subchapter, topic, text) VALUES (728, 4, 17, 69, '825  Walking on the Safe Side');
INSERT INTO exercise (id, chapter, subchapter, topic, text) VALUES (729, 4, 17, 69, '926  Walking Around Wisely');
INSERT INTO exercise (id, chapter, subchapter, topic, text) VALUES (730, 4, 17, 69, '986  How Many?');
INSERT INTO exercise (id, chapter, subchapter, topic, text) VALUES (731, 4, 17, 69, '988  Many Paths, One Destination ★');
INSERT INTO exercise (id, chapter, subchapter, topic, text) VALUES (732, 4, 17, 69, '10401  Injured Queen Problem ★');
INSERT INTO exercise (id, chapter, subchapter, topic, text) VALUES (733, 4, 17, 69, '10926  How Many Dependencies?');
INSERT INTO exercise (id, chapter, subchapter, topic, text) VALUES (734, 4, 17, 69, '11067  Little Red Riding Hood');
INSERT INTO exercise (id, chapter, subchapter, topic, text) VALUES (735, 4, 17, 69, '11655  Waterland');
INSERT INTO exercise (id, chapter, subchapter, topic, text) VALUES (736, 4, 17, 69, '11957  Checkers ★');
INSERT INTO topic (id, subchapter, text) VALUES (70, 17, 'Converting General Graph to DAG');
INSERT INTO exercise (id, chapter, subchapter, topic, text) VALUES (737, 4, 17, 70, '590  Always on the run');
INSERT INTO exercise (id, chapter, subchapter, topic, text) VALUES (738, 4, 17, 70, '907  Winterim Backpacking Trip ★');
INSERT INTO exercise (id, chapter, subchapter, topic, text) VALUES (739, 4, 17, 70, '910  TV game');
INSERT INTO exercise (id, chapter, subchapter, topic, text) VALUES (740, 4, 17, 70, '10201  Adventures in Moving - Part IV');
INSERT INTO exercise (id, chapter, subchapter, topic, text) VALUES (741, 4, 17, 70, '10543  Traveling Politician');
INSERT INTO exercise (id, chapter, subchapter, topic, text) VALUES (742, 4, 17, 70, '10681  Teobaldo''s Trip');
INSERT INTO exercise (id, chapter, subchapter, topic, text) VALUES (743, 4, 17, 70, '10702  Travelling Salesman');
INSERT INTO exercise (id, chapter, subchapter, topic, text) VALUES (744, 4, 17, 70, '10874  Segments');
INSERT INTO exercise (id, chapter, subchapter, topic, text) VALUES (745, 4, 17, 70, '10913  Walking on a Grid ★');
INSERT INTO exercise (id, chapter, subchapter, topic, text) VALUES (746, 4, 17, 70, '11307  Alternative Arborescence');
INSERT INTO exercise (id, chapter, subchapter, topic, text) VALUES (747, 4, 17, 70, '11487  Gathering Food ★');
INSERT INTO exercise (id, chapter, subchapter, topic, text) VALUES (748, 4, 17, 70, '11545  Avoiding Jungle in the Dark');
INSERT INTO exercise (id, chapter, subchapter, topic, text) VALUES (749, 4, 17, 70, '11782  Optimal Cut');
INSERT INTO chapter (id, text) VALUES (5, 'Capitulo 05');
INSERT INTO subchapter (id, chapter, text) VALUES (18, 5, 'Ad Hoc Mathematics Problems');
INSERT INTO topic (id, subchapter, text) VALUES (71, 18, 'The Simpler Ones');
INSERT INTO exercise (id, chapter, subchapter, topic, text) VALUES (750, 5, 18, 71, '10055  Hashmat the Brave Warrior');
INSERT INTO exercise (id, chapter, subchapter, topic, text) VALUES (751, 5, 18, 71, '10071  Back to High School Physics');
INSERT INTO exercise (id, chapter, subchapter, topic, text) VALUES (752, 5, 18, 71, '10281  Average Speed');
INSERT INTO exercise (id, chapter, subchapter, topic, text) VALUES (753, 5, 18, 71, '10469  To Carry or not to Carry');
INSERT INTO exercise (id, chapter, subchapter, topic, text) VALUES (754, 5, 18, 71, '10773  Back to Intermediate Math ★');
INSERT INTO exercise (id, chapter, subchapter, topic, text) VALUES (755, 5, 18, 71, '11614  Etruscan Warriors Never Play Chess');
INSERT INTO exercise (id, chapter, subchapter, topic, text) VALUES (756, 5, 18, 71, '11723  Numbering Roads ★');
INSERT INTO exercise (id, chapter, subchapter, topic, text) VALUES (757, 5, 18, 71, '11805  Bafana Bafana');
INSERT INTO exercise (id, chapter, subchapter, topic, text) VALUES (758, 5, 18, 71, '11875  Brick Game ★');
INSERT INTO exercise (id, chapter, subchapter, topic, text) VALUES (759, 5, 18, 71, '12149  Feynman');
INSERT INTO exercise (id, chapter, subchapter, topic, text) VALUES (760, 5, 18, 71, '12502  Three Families');
INSERT INTO topic (id, subchapter, text) VALUES (72, 18, 'Mathematical Simulation (Brute Force), easier');
INSERT INTO exercise (id, chapter, subchapter, topic, text) VALUES (761, 5, 18, 72, '100  The 3n + 1 problem');
INSERT INTO exercise (id, chapter, subchapter, topic, text) VALUES (762, 5, 18, 72, '371  Ackermann Functions');
INSERT INTO exercise (id, chapter, subchapter, topic, text) VALUES (763, 5, 18, 72, '382  Perfection ★');
INSERT INTO exercise (id, chapter, subchapter, topic, text) VALUES (764, 5, 18, 72, '834  Continued Fractions');
INSERT INTO exercise (id, chapter, subchapter, topic, text) VALUES (765, 5, 18, 72, '906  Rational Neighbor');
INSERT INTO exercise (id, chapter, subchapter, topic, text) VALUES (766, 5, 18, 72, '1225  Digit Counting ★');
INSERT INTO exercise (id, chapter, subchapter, topic, text) VALUES (767, 5, 18, 72, '10035  Primary Arithmetic');
INSERT INTO exercise (id, chapter, subchapter, topic, text) VALUES (768, 5, 18, 72, '10346  Peter''s Smokes ★');
INSERT INTO exercise (id, chapter, subchapter, topic, text) VALUES (769, 5, 18, 72, '10370  Above Average');
INSERT INTO exercise (id, chapter, subchapter, topic, text) VALUES (770, 5, 18, 72, '10783  Odd Sum');
INSERT INTO exercise (id, chapter, subchapter, topic, text) VALUES (771, 5, 18, 72, '10879  Code Refactoring');
INSERT INTO exercise (id, chapter, subchapter, topic, text) VALUES (772, 5, 18, 72, '11150  Cola');
INSERT INTO exercise (id, chapter, subchapter, topic, text) VALUES (773, 5, 18, 72, '11247  Income Tax');
INSERT INTO exercise (id, chapter, subchapter, topic, text) VALUES (774, 5, 18, 72, '11313  Gourmet Games');
INSERT INTO exercise (id, chapter, subchapter, topic, text) VALUES (775, 5, 18, 72, '11689  Soda Surpler');
INSERT INTO exercise (id, chapter, subchapter, topic, text) VALUES (776, 5, 18, 72, '11877  The Coco-Cola Store');
INSERT INTO exercise (id, chapter, subchapter, topic, text) VALUES (777, 5, 18, 72, '11934  Magic Formula');
INSERT INTO exercise (id, chapter, subchapter, topic, text) VALUES (778, 5, 18, 72, '12290  Counting Game');
INSERT INTO exercise (id, chapter, subchapter, topic, text) VALUES (779, 5, 18, 72, '12527  Different Digits');
INSERT INTO topic (id, subchapter, text) VALUES (73, 18, 'Mathematical Simulation (Brute Force), harder');
INSERT INTO exercise (id, chapter, subchapter, topic, text) VALUES (780, 5, 18, 73, '493  Rational Spiral');
INSERT INTO exercise (id, chapter, subchapter, topic, text) VALUES (781, 5, 18, 73, '550  Multiplying by Rotation');
INSERT INTO exercise (id, chapter, subchapter, topic, text) VALUES (782, 5, 18, 73, '616  Coconuts, Revisited ★');
INSERT INTO exercise (id, chapter, subchapter, topic, text) VALUES (783, 5, 18, 73, '697  Jack and Jill');
INSERT INTO exercise (id, chapter, subchapter, topic, text) VALUES (784, 5, 18, 73, '846  Steps');
INSERT INTO exercise (id, chapter, subchapter, topic, text) VALUES (785, 5, 18, 73, '10025  The ? 1 ? 2 ? ... ? n = k problem');
INSERT INTO exercise (id, chapter, subchapter, topic, text) VALUES (786, 5, 18, 73, '10257  Dick and Jane');
INSERT INTO exercise (id, chapter, subchapter, topic, text) VALUES (787, 5, 18, 73, '10624  Super Number');
INSERT INTO exercise (id, chapter, subchapter, topic, text) VALUES (788, 5, 18, 73, '11130  Billiard bounces ★');
INSERT INTO exercise (id, chapter, subchapter, topic, text) VALUES (789, 5, 18, 73, '11254  Consecutive Integers ★');
INSERT INTO exercise (id, chapter, subchapter, topic, text) VALUES (790, 5, 18, 73, '11968  In The Airport');
INSERT INTO topic (id, subchapter, text) VALUES (74, 18, 'Finding Pattern or Formula, easier');
INSERT INTO exercise (id, chapter, subchapter, topic, text) VALUES (791, 5, 18, 74, '10014  Simple calculations');
INSERT INTO exercise (id, chapter, subchapter, topic, text) VALUES (792, 5, 18, 74, '10170  The Hotel with Infinite Rooms');
INSERT INTO exercise (id, chapter, subchapter, topic, text) VALUES (793, 5, 18, 74, '10499  The Land of Justice');
INSERT INTO exercise (id, chapter, subchapter, topic, text) VALUES (794, 5, 18, 74, '10696  f91');
INSERT INTO exercise (id, chapter, subchapter, topic, text) VALUES (795, 5, 18, 74, '10751  Chessboard ★');
INSERT INTO exercise (id, chapter, subchapter, topic, text) VALUES (796, 5, 18, 74, '10940  Throwing cards away II ★');
INSERT INTO exercise (id, chapter, subchapter, topic, text) VALUES (797, 5, 18, 74, '11202  The least possible effort');
INSERT INTO exercise (id, chapter, subchapter, topic, text) VALUES (798, 5, 18, 74, '12004  Bubble Sort ★');
INSERT INTO exercise (id, chapter, subchapter, topic, text) VALUES (799, 5, 18, 74, '12027  Very Big Perfect Squares');
INSERT INTO topic (id, subchapter, text) VALUES (75, 18, 'Finding Pattern or Formula, harder');
INSERT INTO exercise (id, chapter, subchapter, topic, text) VALUES (800, 5, 18, 75, '651  Deck');
INSERT INTO exercise (id, chapter, subchapter, topic, text) VALUES (801, 5, 18, 75, '913  Joana and the Odd Numbers');
INSERT INTO exercise (id, chapter, subchapter, topic, text) VALUES (802, 5, 18, 75, '10161  Ant on a Chessboard ★');
INSERT INTO exercise (id, chapter, subchapter, topic, text) VALUES (803, 5, 18, 75, '10493  Cats, with or without Hats');
INSERT INTO exercise (id, chapter, subchapter, topic, text) VALUES (804, 5, 18, 75, '10509  R U Kidding Mr. Feynman?');
INSERT INTO exercise (id, chapter, subchapter, topic, text) VALUES (805, 5, 18, 75, '10666  The Eurocup is Here!');
INSERT INTO exercise (id, chapter, subchapter, topic, text) VALUES (806, 5, 18, 75, '10693  Traffic Volume');
INSERT INTO exercise (id, chapter, subchapter, topic, text) VALUES (807, 5, 18, 75, '10710  Chinese Shuffle');
INSERT INTO exercise (id, chapter, subchapter, topic, text) VALUES (808, 5, 18, 75, '10882  Koerner''s Pub');
INSERT INTO exercise (id, chapter, subchapter, topic, text) VALUES (809, 5, 18, 75, '10970  Big Chocolate');
INSERT INTO exercise (id, chapter, subchapter, topic, text) VALUES (810, 5, 18, 75, '10994  Simple Addition');
INSERT INTO exercise (id, chapter, subchapter, topic, text) VALUES (811, 5, 18, 75, '11231  Black and white painting ★');
INSERT INTO exercise (id, chapter, subchapter, topic, text) VALUES (812, 5, 18, 75, '11246  K-Multiple Free set');
INSERT INTO exercise (id, chapter, subchapter, topic, text) VALUES (813, 5, 18, 75, '11296  Counting Solutions to an Integral Equation');
INSERT INTO exercise (id, chapter, subchapter, topic, text) VALUES (814, 5, 18, 75, '11298  Dissecting a Hexagon');
INSERT INTO exercise (id, chapter, subchapter, topic, text) VALUES (815, 5, 18, 75, '11387  The 3-Regular Graph');
INSERT INTO exercise (id, chapter, subchapter, topic, text) VALUES (816, 5, 18, 75, '11393  Tri-Isomorphism');
INSERT INTO exercise (id, chapter, subchapter, topic, text) VALUES (817, 5, 18, 75, '11718  Fantasy of a Summation ★');
INSERT INTO topic (id, subchapter, text) VALUES (76, 18, 'Grid');
INSERT INTO exercise (id, chapter, subchapter, topic, text) VALUES (818, 5, 18, 76, '264  Count on Cantor ★');
INSERT INTO exercise (id, chapter, subchapter, topic, text) VALUES (819, 5, 18, 76, '808  Bee Breeding');
INSERT INTO exercise (id, chapter, subchapter, topic, text) VALUES (820, 5, 18, 76, '880  Cantor Fractions');
INSERT INTO exercise (id, chapter, subchapter, topic, text) VALUES (821, 5, 18, 76, '10182  Bee Maja ★');
INSERT INTO exercise (id, chapter, subchapter, topic, text) VALUES (822, 5, 18, 76, '10233  Dermuba Triangle ★');
INSERT INTO exercise (id, chapter, subchapter, topic, text) VALUES (823, 5, 18, 76, '10620  A Flea on a Chessboard');
INSERT INTO exercise (id, chapter, subchapter, topic, text) VALUES (824, 5, 18, 76, '10642  Can You Solve It?');
INSERT INTO exercise (id, chapter, subchapter, topic, text) VALUES (825, 5, 18, 76, '10964  Strange Planet');
INSERT INTO topic (id, subchapter, text) VALUES (77, 18, 'Number Systems or Sequences');
INSERT INTO exercise (id, chapter, subchapter, topic, text) VALUES (826, 5, 18, 77, '136  Ugly Numbers');
INSERT INTO exercise (id, chapter, subchapter, topic, text) VALUES (827, 5, 18, 77, '138  Street Numbers');
INSERT INTO exercise (id, chapter, subchapter, topic, text) VALUES (828, 5, 18, 77, '413  Up and Down Sequences');
INSERT INTO exercise (id, chapter, subchapter, topic, text) VALUES (829, 5, 18, 77, '443  Humble Numbers ★');
INSERT INTO exercise (id, chapter, subchapter, topic, text) VALUES (830, 5, 18, 77, '640  Self Numbers');
INSERT INTO exercise (id, chapter, subchapter, topic, text) VALUES (831, 5, 18, 77, '694  The Collatz Sequence');
INSERT INTO exercise (id, chapter, subchapter, topic, text) VALUES (832, 5, 18, 77, '962  Taxicab Numbers');
INSERT INTO exercise (id, chapter, subchapter, topic, text) VALUES (833, 5, 18, 77, '974  Kaprekar Numbers');
INSERT INTO exercise (id, chapter, subchapter, topic, text) VALUES (834, 5, 18, 77, '10006  Carmichael Numbers');
INSERT INTO exercise (id, chapter, subchapter, topic, text) VALUES (835, 5, 18, 77, '10042  Smith Numbers ★');
INSERT INTO exercise (id, chapter, subchapter, topic, text) VALUES (836, 5, 18, 77, '10049  Self-describing Sequence');
INSERT INTO exercise (id, chapter, subchapter, topic, text) VALUES (837, 5, 18, 77, '10101  Bangla Numbers');
INSERT INTO exercise (id, chapter, subchapter, topic, text) VALUES (838, 5, 18, 77, '10408  Farey sequences ★');
INSERT INTO exercise (id, chapter, subchapter, topic, text) VALUES (839, 5, 18, 77, '10930  A-Sequence');
INSERT INTO exercise (id, chapter, subchapter, topic, text) VALUES (840, 5, 18, 77, '11028  Sum of Product');
INSERT INTO exercise (id, chapter, subchapter, topic, text) VALUES (841, 5, 18, 77, '11063  B2-Sequence');
INSERT INTO exercise (id, chapter, subchapter, topic, text) VALUES (842, 5, 18, 77, '11461  Square Numbers');
INSERT INTO exercise (id, chapter, subchapter, topic, text) VALUES (843, 5, 18, 77, '11660  Look-and-Say sequences');
INSERT INTO exercise (id, chapter, subchapter, topic, text) VALUES (844, 5, 18, 77, '11970  Lucky Numbers');
INSERT INTO topic (id, subchapter, text) VALUES (78, 18, 'Logarithm, Exponentiation, Power');
INSERT INTO exercise (id, chapter, subchapter, topic, text) VALUES (845, 5, 18, 78, '107  The Cat in the Hat');
INSERT INTO exercise (id, chapter, subchapter, topic, text) VALUES (846, 5, 18, 78, '113  Power of Cryptography');
INSERT INTO exercise (id, chapter, subchapter, topic, text) VALUES (847, 5, 18, 78, '474  Heads ');
INSERT INTO exercise (id, chapter, subchapter, topic, text) VALUES (848, 5, 18, 78, '545  Heads');
INSERT INTO exercise (id, chapter, subchapter, topic, text) VALUES (849, 5, 18, 78, '701  The Archeologists'' Dilemma ★');
INSERT INTO exercise (id, chapter, subchapter, topic, text) VALUES (850, 5, 18, 78, '1185  Big Number');
INSERT INTO exercise (id, chapter, subchapter, topic, text) VALUES (851, 5, 18, 78, '10916  Factstone Benchmark ★');
INSERT INTO exercise (id, chapter, subchapter, topic, text) VALUES (852, 5, 18, 78, '11384  Help is needed for Dexter');
INSERT INTO exercise (id, chapter, subchapter, topic, text) VALUES (853, 5, 18, 78, '11556  Best Compression Ever');
INSERT INTO exercise (id, chapter, subchapter, topic, text) VALUES (854, 5, 18, 78, '11636  Hello World!');
INSERT INTO exercise (id, chapter, subchapter, topic, text) VALUES (855, 5, 18, 78, '11666  Logarithms');
INSERT INTO exercise (id, chapter, subchapter, topic, text) VALUES (856, 5, 18, 78, '11714  Blind Sorting');
INSERT INTO exercise (id, chapter, subchapter, topic, text) VALUES (857, 5, 18, 78, '11847  Cut the Silver Bar ★');
INSERT INTO exercise (id, chapter, subchapter, topic, text) VALUES (858, 5, 18, 78, '11986  Save from Radiation');
INSERT INTO exercise (id, chapter, subchapter, topic, text) VALUES (859, 5, 18, 78, '12416  Excessive Space Remover');
INSERT INTO topic (id, subchapter, text) VALUES (79, 18, 'Polynomial');
INSERT INTO exercise (id, chapter, subchapter, topic, text) VALUES (860, 5, 18, 79, '126  The Errant Physicist');
INSERT INTO exercise (id, chapter, subchapter, topic, text) VALUES (861, 5, 18, 79, '392  Polynomial Showdown');
INSERT INTO exercise (id, chapter, subchapter, topic, text) VALUES (862, 5, 18, 79, '498  Polly the Polynomial ★');
INSERT INTO exercise (id, chapter, subchapter, topic, text) VALUES (863, 5, 18, 79, '10215  The Largest');
INSERT INTO exercise (id, chapter, subchapter, topic, text) VALUES (864, 5, 18, 79, '10268  498-bis ★');
INSERT INTO exercise (id, chapter, subchapter, topic, text) VALUES (865, 5, 18, 79, '10302  Summation of Polynomials');
INSERT INTO exercise (id, chapter, subchapter, topic, text) VALUES (866, 5, 18, 79, '10326  The Polynomial Equation');
INSERT INTO exercise (id, chapter, subchapter, topic, text) VALUES (867, 5, 18, 79, '10586  Polynomial Remains ★');
INSERT INTO exercise (id, chapter, subchapter, topic, text) VALUES (868, 5, 18, 79, '10719  Quotient Polynomial');
INSERT INTO exercise (id, chapter, subchapter, topic, text) VALUES (869, 5, 18, 79, '11692  Rain Fall');
INSERT INTO topic (id, subchapter, text) VALUES (80, 18, 'Base Number Variants');
INSERT INTO exercise (id, chapter, subchapter, topic, text) VALUES (870, 5, 18, 80, '377  Cowculations ★');
INSERT INTO exercise (id, chapter, subchapter, topic, text) VALUES (871, 5, 18, 80, '575  Skew Binary ★');
INSERT INTO exercise (id, chapter, subchapter, topic, text) VALUES (872, 5, 18, 80, '636  Squares (III)');
INSERT INTO exercise (id, chapter, subchapter, topic, text) VALUES (873, 5, 18, 80, '10093  An Easy Problem!');
INSERT INTO exercise (id, chapter, subchapter, topic, text) VALUES (874, 5, 18, 80, '10677  Base Equality');
INSERT INTO exercise (id, chapter, subchapter, topic, text) VALUES (875, 5, 18, 80, '10931  Parity ★');
INSERT INTO exercise (id, chapter, subchapter, topic, text) VALUES (876, 5, 18, 80, '11005  Cheapest Base');
INSERT INTO exercise (id, chapter, subchapter, topic, text) VALUES (877, 5, 18, 80, '11121  Base -2');
INSERT INTO exercise (id, chapter, subchapter, topic, text) VALUES (878, 5, 18, 80, '11398  The Base-1 Number System');
INSERT INTO exercise (id, chapter, subchapter, topic, text) VALUES (879, 5, 18, 80, '12602  Nice Licence Plates');
INSERT INTO topic (id, subchapter, text) VALUES (81, 18, 'Just Ad Hoc');
INSERT INTO exercise (id, chapter, subchapter, topic, text) VALUES (880, 5, 18, 81, '276  Egyptian Multiplication');
INSERT INTO exercise (id, chapter, subchapter, topic, text) VALUES (881, 5, 18, 81, '496  Simply Subsets');
INSERT INTO exercise (id, chapter, subchapter, topic, text) VALUES (882, 5, 18, 81, '613  Numbers That Count');
INSERT INTO exercise (id, chapter, subchapter, topic, text) VALUES (883, 5, 18, 81, '10137  The Trip ★');
INSERT INTO exercise (id, chapter, subchapter, topic, text) VALUES (884, 5, 18, 81, '10190  Divide, But Not Quite Conquer!');
INSERT INTO exercise (id, chapter, subchapter, topic, text) VALUES (885, 5, 18, 81, '11055  Homogeneous squares');
INSERT INTO exercise (id, chapter, subchapter, topic, text) VALUES (886, 5, 18, 81, '11241  Humidex');
INSERT INTO exercise (id, chapter, subchapter, topic, text) VALUES (887, 5, 18, 81, '11526  H(n) ★');
INSERT INTO exercise (id, chapter, subchapter, topic, text) VALUES (888, 5, 18, 81, '11715  Car');
INSERT INTO exercise (id, chapter, subchapter, topic, text) VALUES (889, 5, 18, 81, '11816  HST');
INSERT INTO exercise (id, chapter, subchapter, topic, text) VALUES (890, 5, 18, 81, '12036  Stable Grid ★');
INSERT INTO subchapter (id, chapter, text) VALUES (19, 5, 'Java BigInteger Class');
INSERT INTO topic (id, subchapter, text) VALUES (82, 19, 'Basic Features');
INSERT INTO exercise (id, chapter, subchapter, topic, text) VALUES (891, 5, 19, 82, '424  Integer Inquiry');
INSERT INTO exercise (id, chapter, subchapter, topic, text) VALUES (892, 5, 19, 82, '465  Overflow');
INSERT INTO exercise (id, chapter, subchapter, topic, text) VALUES (893, 5, 19, 82, '619  Numerically Speaking');
INSERT INTO exercise (id, chapter, subchapter, topic, text) VALUES (894, 5, 19, 82, '713  Adding Reversed Numbers ★');
INSERT INTO exercise (id, chapter, subchapter, topic, text) VALUES (895, 5, 19, 82, '748  Exponentiation');
INSERT INTO exercise (id, chapter, subchapter, topic, text) VALUES (896, 5, 19, 82, '1226  Numerical surprises');
INSERT INTO exercise (id, chapter, subchapter, topic, text) VALUES (897, 5, 19, 82, '10013  Super long sums');
INSERT INTO exercise (id, chapter, subchapter, topic, text) VALUES (898, 5, 19, 82, '10083  Division');
INSERT INTO exercise (id, chapter, subchapter, topic, text) VALUES (899, 5, 19, 82, '10106  Product');
INSERT INTO exercise (id, chapter, subchapter, topic, text) VALUES (900, 5, 19, 82, '10198  Counting');
INSERT INTO exercise (id, chapter, subchapter, topic, text) VALUES (901, 5, 19, 82, '10430  Dear GOD');
INSERT INTO exercise (id, chapter, subchapter, topic, text) VALUES (902, 5, 19, 82, '10433  Automorphic Numbers');
INSERT INTO exercise (id, chapter, subchapter, topic, text) VALUES (903, 5, 19, 82, '10494  If We Were a Child Again');
INSERT INTO exercise (id, chapter, subchapter, topic, text) VALUES (904, 5, 19, 82, '10519  !! Really Strange !!');
INSERT INTO exercise (id, chapter, subchapter, topic, text) VALUES (905, 5, 19, 82, '10523  Very Easy !!! ★');
INSERT INTO exercise (id, chapter, subchapter, topic, text) VALUES (906, 5, 19, 82, '10669  Three powers');
INSERT INTO exercise (id, chapter, subchapter, topic, text) VALUES (907, 5, 19, 82, '10925  Krakovia');
INSERT INTO exercise (id, chapter, subchapter, topic, text) VALUES (908, 5, 19, 82, '10992  The Ghost of Programmers');
INSERT INTO exercise (id, chapter, subchapter, topic, text) VALUES (909, 5, 19, 82, '11448  Who said crisis?');
INSERT INTO exercise (id, chapter, subchapter, topic, text) VALUES (910, 5, 19, 82, '11664  Langton''s Ant');
INSERT INTO exercise (id, chapter, subchapter, topic, text) VALUES (911, 5, 19, 82, '11830  Contract Revision');
INSERT INTO exercise (id, chapter, subchapter, topic, text) VALUES (912, 5, 19, 82, '11879  Multiple of 17 ★');
INSERT INTO exercise (id, chapter, subchapter, topic, text) VALUES (913, 5, 19, 82, '12143  Stopping Doom''s Day');
INSERT INTO exercise (id, chapter, subchapter, topic, text) VALUES (914, 5, 19, 82, '12459  Bees'' ancestors');
INSERT INTO topic (id, subchapter, text) VALUES (83, 19, 'Bonus Features: Base Number Conversion');
INSERT INTO exercise (id, chapter, subchapter, topic, text) VALUES (915, 5, 19, 83, '290  Palindroms <---> smordnilaP');
INSERT INTO exercise (id, chapter, subchapter, topic, text) VALUES (916, 5, 19, 83, '343  What Base Is This? ★');
INSERT INTO exercise (id, chapter, subchapter, topic, text) VALUES (917, 5, 19, 83, '355  The Bases Are Loaded');
INSERT INTO exercise (id, chapter, subchapter, topic, text) VALUES (918, 5, 19, 83, '389  Basically Speaking ★');
INSERT INTO exercise (id, chapter, subchapter, topic, text) VALUES (919, 5, 19, 83, '446  Kibbles "n" Bits "n" Bits "n" Bits');
INSERT INTO exercise (id, chapter, subchapter, topic, text) VALUES (920, 5, 19, 83, '10473  Simple Base Conversion');
INSERT INTO exercise (id, chapter, subchapter, topic, text) VALUES (921, 5, 19, 83, '10551  Basic Remains ★');
INSERT INTO exercise (id, chapter, subchapter, topic, text) VALUES (922, 5, 19, 83, '11185  Ternary');
INSERT INTO exercise (id, chapter, subchapter, topic, text) VALUES (923, 5, 19, 83, '11952  Arithmetic');
INSERT INTO topic (id, subchapter, text) VALUES (84, 19, 'Bonus Features: Primality Testing');
INSERT INTO exercise (id, chapter, subchapter, topic, text) VALUES (924, 5, 19, 84, '960  Gaussian Primes');
INSERT INTO exercise (id, chapter, subchapter, topic, text) VALUES (925, 5, 19, 84, '1210  Sum of Consecutive Prime Numbers ★');
INSERT INTO exercise (id, chapter, subchapter, topic, text) VALUES (926, 5, 19, 84, '10235  Simply Emirp ★');
INSERT INTO exercise (id, chapter, subchapter, topic, text) VALUES (927, 5, 19, 84, '10924  Prime Words');
INSERT INTO exercise (id, chapter, subchapter, topic, text) VALUES (928, 5, 19, 84, '11287  Pseudoprime Numbers ★');
INSERT INTO exercise (id, chapter, subchapter, topic, text) VALUES (929, 5, 19, 84, '12542  Prime Substring');
INSERT INTO topic (id, subchapter, text) VALUES (85, 19, 'Bonus Features: Others');
INSERT INTO exercise (id, chapter, subchapter, topic, text) VALUES (930, 5, 19, 85, '1230  MODEX ★');
INSERT INTO exercise (id, chapter, subchapter, topic, text) VALUES (931, 5, 19, 85, '10023  Square root');
INSERT INTO exercise (id, chapter, subchapter, topic, text) VALUES (932, 5, 19, 85, '10193  All You Need Is Love');
INSERT INTO exercise (id, chapter, subchapter, topic, text) VALUES (933, 5, 19, 85, '10464  Big Big Real Numbers');
INSERT INTO exercise (id, chapter, subchapter, topic, text) VALUES (934, 5, 19, 85, '10814  Simplifying Fractions ★');
INSERT INTO exercise (id, chapter, subchapter, topic, text) VALUES (935, 5, 19, 85, '11821  High-Precision Number ★');
INSERT INTO subchapter (id, chapter, text) VALUES (20, 5, 'Combinatorics');
INSERT INTO topic (id, subchapter, text) VALUES (86, 20, 'Fibonacci Numbers');
INSERT INTO exercise (id, chapter, subchapter, topic, text) VALUES (936, 5, 20, 86, '495  Fibonacci Freeze');
INSERT INTO exercise (id, chapter, subchapter, topic, text) VALUES (937, 5, 20, 86, '580  Critical Mass');
INSERT INTO exercise (id, chapter, subchapter, topic, text) VALUES (938, 5, 20, 86, '763  Fibinary Numbers ★');
INSERT INTO exercise (id, chapter, subchapter, topic, text) VALUES (939, 5, 20, 86, '900  Brick Wall Patterns');
INSERT INTO exercise (id, chapter, subchapter, topic, text) VALUES (940, 5, 20, 86, '948  Fibonaccimal Base');
INSERT INTO exercise (id, chapter, subchapter, topic, text) VALUES (941, 5, 20, 86, '1258  Nowhere Money');
INSERT INTO exercise (id, chapter, subchapter, topic, text) VALUES (942, 5, 20, 86, '10183  How Many Fibs?');
INSERT INTO exercise (id, chapter, subchapter, topic, text) VALUES (943, 5, 20, 86, '10334  Ray Through Glasses ★');
INSERT INTO exercise (id, chapter, subchapter, topic, text) VALUES (944, 5, 20, 86, '10450  World Cup Noise');
INSERT INTO exercise (id, chapter, subchapter, topic, text) VALUES (945, 5, 20, 86, '10497  Sweet Child Makes Trouble');
INSERT INTO exercise (id, chapter, subchapter, topic, text) VALUES (946, 5, 20, 86, '10579  Fibonacci Numbers');
INSERT INTO exercise (id, chapter, subchapter, topic, text) VALUES (947, 5, 20, 86, '10689  Yet another Number Sequence ★');
INSERT INTO exercise (id, chapter, subchapter, topic, text) VALUES (948, 5, 20, 86, '10862  Connect the Cable Wires');
INSERT INTO exercise (id, chapter, subchapter, topic, text) VALUES (949, 5, 20, 86, '11000  Bee');
INSERT INTO exercise (id, chapter, subchapter, topic, text) VALUES (950, 5, 20, 86, '11089  Fi-binary Number');
INSERT INTO exercise (id, chapter, subchapter, topic, text) VALUES (951, 5, 20, 86, '11161  Help My Brother (II)');
INSERT INTO exercise (id, chapter, subchapter, topic, text) VALUES (952, 5, 20, 86, '11780  Miles 2 Km');
INSERT INTO topic (id, subchapter, text) VALUES (87, 20, 'Binomial Coefficients');
INSERT INTO exercise (id, chapter, subchapter, topic, text) VALUES (953, 5, 20, 87, '326  Extrapolation Using a Difference Table');
INSERT INTO exercise (id, chapter, subchapter, topic, text) VALUES (954, 5, 20, 87, '369  Combinations');
INSERT INTO exercise (id, chapter, subchapter, topic, text) VALUES (955, 5, 20, 87, '485  Pascal''s Triangle of Death');
INSERT INTO exercise (id, chapter, subchapter, topic, text) VALUES (956, 5, 20, 87, '530  Binomial Showdown');
INSERT INTO exercise (id, chapter, subchapter, topic, text) VALUES (957, 5, 20, 87, '911  Multinomial Coefficients');
INSERT INTO exercise (id, chapter, subchapter, topic, text) VALUES (958, 5, 20, 87, '10105  Polynomial Coefficients');
INSERT INTO exercise (id, chapter, subchapter, topic, text) VALUES (959, 5, 20, 87, '10219  Find the ways ! ★');
INSERT INTO exercise (id, chapter, subchapter, topic, text) VALUES (960, 5, 20, 87, '10375  Choose and divide');
INSERT INTO exercise (id, chapter, subchapter, topic, text) VALUES (961, 5, 20, 87, '10532  Combination! Once Again');
INSERT INTO exercise (id, chapter, subchapter, topic, text) VALUES (962, 5, 20, 87, '10541  Stripe ★');
INSERT INTO exercise (id, chapter, subchapter, topic, text) VALUES (963, 5, 20, 87, '11955  Binomial Theorem ★');
INSERT INTO topic (id, subchapter, text) VALUES (88, 20, 'Catalan Numbers');
INSERT INTO exercise (id, chapter, subchapter, topic, text) VALUES (964, 5, 20, 88, '991  Safe Salutations ★');
INSERT INTO exercise (id, chapter, subchapter, topic, text) VALUES (965, 5, 20, 88, '10007  Count the Trees ★');
INSERT INTO exercise (id, chapter, subchapter, topic, text) VALUES (966, 5, 20, 88, '10223  How many nodes ?');
INSERT INTO exercise (id, chapter, subchapter, topic, text) VALUES (967, 5, 20, 88, '10303  How Many Trees?');
INSERT INTO exercise (id, chapter, subchapter, topic, text) VALUES (968, 5, 20, 88, '10312  Expression Bracketing ★');
INSERT INTO exercise (id, chapter, subchapter, topic, text) VALUES (969, 5, 20, 88, '10643  Facing Problem With Trees');
INSERT INTO topic (id, subchapter, text) VALUES (89, 20, 'Others, Easier');
INSERT INTO exercise (id, chapter, subchapter, topic, text) VALUES (970, 5, 20, 89, '11115  Uncle Jack');
INSERT INTO exercise (id, chapter, subchapter, topic, text) VALUES (971, 5, 20, 89, '11310  Delivery Debacle ★');
INSERT INTO exercise (id, chapter, subchapter, topic, text) VALUES (972, 5, 20, 89, '11401  Triangle Counting ★');
INSERT INTO exercise (id, chapter, subchapter, topic, text) VALUES (973, 5, 20, 89, '11480  Jimmy''s Balls');
INSERT INTO exercise (id, chapter, subchapter, topic, text) VALUES (974, 5, 20, 89, '11597  Spanning Subtree ★');
INSERT INTO exercise (id, chapter, subchapter, topic, text) VALUES (975, 5, 20, 89, '11609  Teams');
INSERT INTO exercise (id, chapter, subchapter, topic, text) VALUES (976, 5, 20, 89, '12463  Little Nephew');
INSERT INTO topic (id, subchapter, text) VALUES (90, 20, 'Other, Harder');
INSERT INTO exercise (id, chapter, subchapter, topic, text) VALUES (977, 5, 20, 90, '1224  Tile Code');
INSERT INTO exercise (id, chapter, subchapter, topic, text) VALUES (978, 5, 20, 90, '10079  Pizza Cutting');
INSERT INTO exercise (id, chapter, subchapter, topic, text) VALUES (979, 5, 20, 90, '10359  Tiling');
INSERT INTO exercise (id, chapter, subchapter, topic, text) VALUES (980, 5, 20, 90, '10733  The Colored Cubes');
INSERT INTO exercise (id, chapter, subchapter, topic, text) VALUES (981, 5, 20, 90, '10784  Diagonal ★');
INSERT INTO exercise (id, chapter, subchapter, topic, text) VALUES (982, 5, 20, 90, '10790  How Many Points of Intersection?');
INSERT INTO exercise (id, chapter, subchapter, topic, text) VALUES (983, 5, 20, 90, '10918  Tri Tiling');
INSERT INTO exercise (id, chapter, subchapter, topic, text) VALUES (984, 5, 20, 90, '11069  A Graph Problem ★');
INSERT INTO exercise (id, chapter, subchapter, topic, text) VALUES (985, 5, 20, 90, '11204  Musical instruments');
INSERT INTO exercise (id, chapter, subchapter, topic, text) VALUES (986, 5, 20, 90, '11270  Tiling Dominoes');
INSERT INTO exercise (id, chapter, subchapter, topic, text) VALUES (987, 5, 20, 90, '11538  Chess Queen ★');
INSERT INTO exercise (id, chapter, subchapter, topic, text) VALUES (988, 5, 20, 90, '11554  Hapless Hedonism');
INSERT INTO exercise (id, chapter, subchapter, topic, text) VALUES (989, 5, 20, 90, '12022  Ordering T-shirts');
INSERT INTO subchapter (id, chapter, text) VALUES (21, 5, 'Number Theory');
INSERT INTO topic (id, subchapter, text) VALUES (91, 21, 'Prime Numbers');
INSERT INTO exercise (id, chapter, subchapter, topic, text) VALUES (990, 5, 21, 91, '406  Prime Cuts');
INSERT INTO exercise (id, chapter, subchapter, topic, text) VALUES (991, 5, 21, 91, '543  Goldbach''s Conjecture ★');
INSERT INTO exercise (id, chapter, subchapter, topic, text) VALUES (992, 5, 21, 91, '686  Goldbach''s Conjecture (II)');
INSERT INTO exercise (id, chapter, subchapter, topic, text) VALUES (993, 5, 21, 91, '897  Anagrammatic Primes');
INSERT INTO exercise (id, chapter, subchapter, topic, text) VALUES (994, 5, 21, 91, '914  Jumping Champion');
INSERT INTO exercise (id, chapter, subchapter, topic, text) VALUES (995, 5, 21, 91, '10140  Prime Distance ★');
INSERT INTO exercise (id, chapter, subchapter, topic, text) VALUES (996, 5, 21, 91, '10168  Summation of Four Primes');
INSERT INTO exercise (id, chapter, subchapter, topic, text) VALUES (997, 5, 21, 91, '10311  Goldbach and Euler');
INSERT INTO exercise (id, chapter, subchapter, topic, text) VALUES (998, 5, 21, 91, '10394  Twin Primes ★');
INSERT INTO exercise (id, chapter, subchapter, topic, text) VALUES (999, 5, 21, 91, '10490  Mr. Azad and his Son!!!!!');
INSERT INTO exercise (id, chapter, subchapter, topic, text) VALUES (1000, 5, 21, 91, '10650  Determinate Prime');
INSERT INTO exercise (id, chapter, subchapter, topic, text) VALUES (1001, 5, 21, 91, '10852  Less Prime');
INSERT INTO exercise (id, chapter, subchapter, topic, text) VALUES (1002, 5, 21, 91, '10948  The primary problem');
INSERT INTO exercise (id, chapter, subchapter, topic, text) VALUES (1003, 5, 21, 91, '11752  The Super Powers');
INSERT INTO topic (id, subchapter, text) VALUES (92, 21, 'GCD and');
INSERT INTO exercise (id, chapter, subchapter, topic, text) VALUES (1004, 5, 21, 92, 'or LCM');
INSERT INTO topic (id, subchapter, text) VALUES (93, 21, 'Factorial');
INSERT INTO exercise (id, chapter, subchapter, topic, text) VALUES (1005, 5, 21, 93, '324  Factorial Frequencies ★');
INSERT INTO exercise (id, chapter, subchapter, topic, text) VALUES (1006, 5, 21, 93, '568  Just the Facts');
INSERT INTO exercise (id, chapter, subchapter, topic, text) VALUES (1007, 5, 21, 93, '623  500! ★');
INSERT INTO exercise (id, chapter, subchapter, topic, text) VALUES (1008, 5, 21, 93, '10220  I Love Big Numbers !');
INSERT INTO exercise (id, chapter, subchapter, topic, text) VALUES (1009, 5, 21, 93, '10323  Factorial! You Must be Kidding!!!');
INSERT INTO exercise (id, chapter, subchapter, topic, text) VALUES (1010, 5, 21, 93, '10338  Mischievous Children ★');
INSERT INTO topic (id, subchapter, text) VALUES (94, 21, 'Finding Prime Factors');
INSERT INTO exercise (id, chapter, subchapter, topic, text) VALUES (1011, 5, 21, 94, '516  Prime Land ★');
INSERT INTO exercise (id, chapter, subchapter, topic, text) VALUES (1012, 5, 21, 94, '583  Prime Factors ★');
INSERT INTO exercise (id, chapter, subchapter, topic, text) VALUES (1013, 5, 21, 94, '10392  Factoring Large Numbers');
INSERT INTO exercise (id, chapter, subchapter, topic, text) VALUES (1014, 5, 21, 94, '11466  Largest Prime Divisor ★');
INSERT INTO topic (id, subchapter, text) VALUES (95, 21, 'Working with Prime Factors');
INSERT INTO exercise (id, chapter, subchapter, topic, text) VALUES (1015, 5, 21, 95, '160  Factors and Factorials');
INSERT INTO exercise (id, chapter, subchapter, topic, text) VALUES (1016, 5, 21, 95, '993  Product of digits');
INSERT INTO exercise (id, chapter, subchapter, topic, text) VALUES (1017, 5, 21, 95, '10061  How many zero''s and how many digits ?');
INSERT INTO exercise (id, chapter, subchapter, topic, text) VALUES (1018, 5, 21, 95, '10139  Factovisors ★');
INSERT INTO exercise (id, chapter, subchapter, topic, text) VALUES (1019, 5, 21, 95, '10484  Divisibility of Factors');
INSERT INTO exercise (id, chapter, subchapter, topic, text) VALUES (1020, 5, 21, 95, '10527  Persistent Numbers');
INSERT INTO exercise (id, chapter, subchapter, topic, text) VALUES (1021, 5, 21, 95, '10622  Perfect P-th Powers');
INSERT INTO exercise (id, chapter, subchapter, topic, text) VALUES (1022, 5, 21, 95, '10680  LCM ★');
INSERT INTO exercise (id, chapter, subchapter, topic, text) VALUES (1023, 5, 21, 95, '10780  Again Prime? No Time.');
INSERT INTO exercise (id, chapter, subchapter, topic, text) VALUES (1024, 5, 21, 95, '10791  Minimum Sum LCM');
INSERT INTO exercise (id, chapter, subchapter, topic, text) VALUES (1025, 5, 21, 95, '11347  Multifactorials');
INSERT INTO exercise (id, chapter, subchapter, topic, text) VALUES (1026, 5, 21, 95, '11395  Sigma Function');
INSERT INTO exercise (id, chapter, subchapter, topic, text) VALUES (1027, 5, 21, 95, '11889  Benefit ★');
INSERT INTO topic (id, subchapter, text) VALUES (96, 21, 'Functions involving Prime Factors');
INSERT INTO exercise (id, chapter, subchapter, topic, text) VALUES (1028, 5, 21, 96, '294  Divisors ★');
INSERT INTO exercise (id, chapter, subchapter, topic, text) VALUES (1029, 5, 21, 96, '884  Factorial Factors');
INSERT INTO exercise (id, chapter, subchapter, topic, text) VALUES (1030, 5, 21, 96, '1246  Find Terrorists');
INSERT INTO exercise (id, chapter, subchapter, topic, text) VALUES (1031, 5, 21, 96, '10179  Irreducable Basic Fractions ★');
INSERT INTO exercise (id, chapter, subchapter, topic, text) VALUES (1032, 5, 21, 96, '10299  Relatives');
INSERT INTO exercise (id, chapter, subchapter, topic, text) VALUES (1033, 5, 21, 96, '10820  Send a Table');
INSERT INTO exercise (id, chapter, subchapter, topic, text) VALUES (1034, 5, 21, 96, '10958  How Many Solutions?');
INSERT INTO exercise (id, chapter, subchapter, topic, text) VALUES (1035, 5, 21, 96, '11064  Number Theory');
INSERT INTO exercise (id, chapter, subchapter, topic, text) VALUES (1036, 5, 21, 96, '11086  Composite Prime');
INSERT INTO exercise (id, chapter, subchapter, topic, text) VALUES (1037, 5, 21, 96, '11226  Reaching the fix-point.');
INSERT INTO exercise (id, chapter, subchapter, topic, text) VALUES (1038, 5, 21, 96, '11353  A Different Kind of Sorting');
INSERT INTO exercise (id, chapter, subchapter, topic, text) VALUES (1039, 5, 21, 96, '11728  Alternate Task ★');
INSERT INTO exercise (id, chapter, subchapter, topic, text) VALUES (1040, 5, 21, 96, '12005  Find Solutions');
INSERT INTO topic (id, subchapter, text) VALUES (97, 21, 'Modified Sieve');
INSERT INTO exercise (id, chapter, subchapter, topic, text) VALUES (1041, 5, 21, 97, '10699  Count the factors ★');
INSERT INTO exercise (id, chapter, subchapter, topic, text) VALUES (1042, 5, 21, 97, '10738  Riemann vs Mertens ★');
INSERT INTO exercise (id, chapter, subchapter, topic, text) VALUES (1043, 5, 21, 97, '10990  Another New Function ★');
INSERT INTO exercise (id, chapter, subchapter, topic, text) VALUES (1044, 5, 21, 97, '11327  Enumerating Rational Numbers');
INSERT INTO exercise (id, chapter, subchapter, topic, text) VALUES (1045, 5, 21, 97, '12043  Divisors');
INSERT INTO topic (id, subchapter, text) VALUES (98, 21, 'Modulo Arithmetic');
INSERT INTO exercise (id, chapter, subchapter, topic, text) VALUES (1046, 5, 21, 98, '128  Software CRC');
INSERT INTO exercise (id, chapter, subchapter, topic, text) VALUES (1047, 5, 21, 98, '374  Big Mod ★');
INSERT INTO exercise (id, chapter, subchapter, topic, text) VALUES (1048, 5, 21, 98, '10127  Ones');
INSERT INTO exercise (id, chapter, subchapter, topic, text) VALUES (1049, 5, 21, 98, '10174  Couple-Bachelor-Spinster Numbers.');
INSERT INTO exercise (id, chapter, subchapter, topic, text) VALUES (1050, 5, 21, 98, '10176  Ocean Deep! - Make it shallow!! ★');
INSERT INTO exercise (id, chapter, subchapter, topic, text) VALUES (1051, 5, 21, 98, '10212  The Last Non-zero Digit. ★');
INSERT INTO exercise (id, chapter, subchapter, topic, text) VALUES (1052, 5, 21, 98, '10489  Boxes of Chocolates');
INSERT INTO exercise (id, chapter, subchapter, topic, text) VALUES (1053, 5, 21, 98, '11029  Leading and Trailing');
INSERT INTO topic (id, subchapter, text) VALUES (99, 21, 'Extended Euclid');
INSERT INTO exercise (id, chapter, subchapter, topic, text) VALUES (1054, 5, 21, 99, '10090  Marbles ★');
INSERT INTO exercise (id, chapter, subchapter, topic, text) VALUES (1055, 5, 21, 99, '10104  Euclid Problem ★');
INSERT INTO exercise (id, chapter, subchapter, topic, text) VALUES (1056, 5, 21, 99, '10633  Rare Easy Problem');
INSERT INTO exercise (id, chapter, subchapter, topic, text) VALUES (1057, 5, 21, 99, '10673  Play with Floor and Ceil ★');
INSERT INTO topic (id, subchapter, text) VALUES (100, 21, 'Other Number Theory Problems');
INSERT INTO exercise (id, chapter, subchapter, topic, text) VALUES (1058, 5, 21, 100, '547  DDF');
INSERT INTO exercise (id, chapter, subchapter, topic, text) VALUES (1059, 5, 21, 100, '756  Biorhythms');
INSERT INTO exercise (id, chapter, subchapter, topic, text) VALUES (1060, 5, 21, 100, '10110  Light, more light ★');
INSERT INTO exercise (id, chapter, subchapter, topic, text) VALUES (1061, 5, 21, 100, '10922  2 the 9s');
INSERT INTO exercise (id, chapter, subchapter, topic, text) VALUES (1062, 5, 21, 100, '10929  You can say 11');
INSERT INTO exercise (id, chapter, subchapter, topic, text) VALUES (1063, 5, 21, 100, '11042  Complex, difficult and complicated');
INSERT INTO exercise (id, chapter, subchapter, topic, text) VALUES (1064, 5, 21, 100, '11344  The Huge One ★');
INSERT INTO exercise (id, chapter, subchapter, topic, text) VALUES (1065, 5, 21, 100, '11371  Number Theory for Newbies ★');
INSERT INTO subchapter (id, chapter, text) VALUES (22, 5, 'Probability Theory');
INSERT INTO topic (id, subchapter, text) VALUES (101, 22, 'Standard');
INSERT INTO exercise (id, chapter, subchapter, topic, text) VALUES (1066, 5, 22, 101, '542  France ''98');
INSERT INTO exercise (id, chapter, subchapter, topic, text) VALUES (1067, 5, 22, 101, '10056  What is the Probability ?');
INSERT INTO exercise (id, chapter, subchapter, topic, text) VALUES (1068, 5, 22, 101, '10218  Let''s Dance !!!');
INSERT INTO exercise (id, chapter, subchapter, topic, text) VALUES (1069, 5, 22, 101, '10238  Throw the Dice');
INSERT INTO exercise (id, chapter, subchapter, topic, text) VALUES (1070, 5, 22, 101, '10328  Coin Toss');
INSERT INTO exercise (id, chapter, subchapter, topic, text) VALUES (1071, 5, 22, 101, '10491  Cows and Cars ★');
INSERT INTO exercise (id, chapter, subchapter, topic, text) VALUES (1072, 5, 22, 101, '10759  Dice Throwing ★');
INSERT INTO exercise (id, chapter, subchapter, topic, text) VALUES (1073, 5, 22, 101, '10777  God! Save me');
INSERT INTO exercise (id, chapter, subchapter, topic, text) VALUES (1074, 5, 22, 101, '11021  Tribles');
INSERT INTO exercise (id, chapter, subchapter, topic, text) VALUES (1075, 5, 22, 101, '11176  Winning Streak ★');
INSERT INTO exercise (id, chapter, subchapter, topic, text) VALUES (1076, 5, 22, 101, '11181  Probability|Given');
INSERT INTO exercise (id, chapter, subchapter, topic, text) VALUES (1077, 5, 22, 101, '11346  Probability');
INSERT INTO exercise (id, chapter, subchapter, topic, text) VALUES (1078, 5, 22, 101, '11500  Vampires');
INSERT INTO exercise (id, chapter, subchapter, topic, text) VALUES (1079, 5, 22, 101, '11628  Another lottery');
INSERT INTO exercise (id, chapter, subchapter, topic, text) VALUES (1080, 5, 22, 101, '12024  Hats');
INSERT INTO exercise (id, chapter, subchapter, topic, text) VALUES (1081, 5, 22, 101, '12114  Bachelor Arithmetic');
INSERT INTO exercise (id, chapter, subchapter, topic, text) VALUES (1082, 5, 22, 101, '12457  Tennis contest');
INSERT INTO exercise (id, chapter, subchapter, topic, text) VALUES (1083, 5, 22, 101, '12461  Airplane');
INSERT INTO subchapter (id, chapter, text) VALUES (23, 5, 'Cycle-Finding');
INSERT INTO topic (id, subchapter, text) VALUES (102, 23, 'Standard');
INSERT INTO exercise (id, chapter, subchapter, topic, text) VALUES (1084, 5, 23, 102, '202  Repeating Decimals');
INSERT INTO exercise (id, chapter, subchapter, topic, text) VALUES (1085, 5, 23, 102, '275  Expanding Fractions');
INSERT INTO exercise (id, chapter, subchapter, topic, text) VALUES (1086, 5, 23, 102, '350  Pseudo-Random Numbers ★');
INSERT INTO exercise (id, chapter, subchapter, topic, text) VALUES (1087, 5, 23, 102, '944  Happy Numbers');
INSERT INTO exercise (id, chapter, subchapter, topic, text) VALUES (1088, 5, 23, 102, '10162  Last Digit');
INSERT INTO exercise (id, chapter, subchapter, topic, text) VALUES (1089, 5, 23, 102, '10515  Powers Et Al.');
INSERT INTO exercise (id, chapter, subchapter, topic, text) VALUES (1090, 5, 23, 102, '10591  Happy Number');
INSERT INTO exercise (id, chapter, subchapter, topic, text) VALUES (1091, 5, 23, 102, '11036  Eventually Periodic Sequence');
INSERT INTO exercise (id, chapter, subchapter, topic, text) VALUES (1092, 5, 23, 102, '11053  Flavius Josephus Reloaded ★');
INSERT INTO exercise (id, chapter, subchapter, topic, text) VALUES (1093, 5, 23, 102, '11549  Calculator Conundrum');
INSERT INTO exercise (id, chapter, subchapter, topic, text) VALUES (1094, 5, 23, 102, '11634  Generate random numbers ★');
INSERT INTO exercise (id, chapter, subchapter, topic, text) VALUES (1095, 5, 23, 102, '12464  Professor Lazy, Ph.D.');
INSERT INTO subchapter (id, chapter, text) VALUES (24, 5, 'Game Theory');
INSERT INTO topic (id, subchapter, text) VALUES (103, 24, 'Standard');
INSERT INTO exercise (id, chapter, subchapter, topic, text) VALUES (1096, 5, 24, 103, '847  A Multiplication Game');
INSERT INTO exercise (id, chapter, subchapter, topic, text) VALUES (1097, 5, 24, 103, '10111  Find the Winning Move ★');
INSERT INTO exercise (id, chapter, subchapter, topic, text) VALUES (1098, 5, 24, 103, '10165  Stone Game');
INSERT INTO exercise (id, chapter, subchapter, topic, text) VALUES (1099, 5, 24, 103, '10368  Euclid''s Game');
INSERT INTO exercise (id, chapter, subchapter, topic, text) VALUES (1100, 5, 24, 103, '10404  Bachet''s Game');
INSERT INTO exercise (id, chapter, subchapter, topic, text) VALUES (1101, 5, 24, 103, '10578  The Game of 31');
INSERT INTO exercise (id, chapter, subchapter, topic, text) VALUES (1102, 5, 24, 103, '11311  Exclusively Edible ★');
INSERT INTO exercise (id, chapter, subchapter, topic, text) VALUES (1103, 5, 24, 103, '11489  Integer Game ★');
INSERT INTO exercise (id, chapter, subchapter, topic, text) VALUES (1104, 5, 24, 103, '12293  Box Game');
INSERT INTO exercise (id, chapter, subchapter, topic, text) VALUES (1105, 5, 24, 103, '12469  Stones');
INSERT INTO chapter (id, text) VALUES (6, 'Capitulo 06');
INSERT INTO subchapter (id, chapter, text) VALUES (25, 6, 'Ad Hoc String Processing Problems - Part 1');
INSERT INTO topic (id, subchapter, text) VALUES (104, 25, 'Cipher');
INSERT INTO exercise (id, chapter, subchapter, topic, text) VALUES (1106, 6, 25, 104, 'Encode');
INSERT INTO topic (id, subchapter, text) VALUES (105, 25, 'Frequency Counting');
INSERT INTO exercise (id, chapter, subchapter, topic, text) VALUES (1107, 6, 25, 105, '499  What''s The Frequency, Kenneth?');
INSERT INTO exercise (id, chapter, subchapter, topic, text) VALUES (1108, 6, 25, 105, '895  Word Problem');
INSERT INTO exercise (id, chapter, subchapter, topic, text) VALUES (1109, 6, 25, 105, '902  Password Search ★');
INSERT INTO exercise (id, chapter, subchapter, topic, text) VALUES (1110, 6, 25, 105, '10008  What''s Cryptanalysis?');
INSERT INTO exercise (id, chapter, subchapter, topic, text) VALUES (1111, 6, 25, 105, '10062  Tell me the frequencies!');
INSERT INTO exercise (id, chapter, subchapter, topic, text) VALUES (1112, 6, 25, 105, '10252  Common Permutation ★');
INSERT INTO exercise (id, chapter, subchapter, topic, text) VALUES (1113, 6, 25, 105, '10293  Word Length and Frequency');
INSERT INTO exercise (id, chapter, subchapter, topic, text) VALUES (1114, 6, 25, 105, '10374  Election');
INSERT INTO exercise (id, chapter, subchapter, topic, text) VALUES (1115, 6, 25, 105, '10420  List of Conquests');
INSERT INTO exercise (id, chapter, subchapter, topic, text) VALUES (1116, 6, 25, 105, '10625  GNU = GNU''sNotUnix');
INSERT INTO exercise (id, chapter, subchapter, topic, text) VALUES (1117, 6, 25, 105, '10789  Prime Frequency');
INSERT INTO exercise (id, chapter, subchapter, topic, text) VALUES (1118, 6, 25, 105, '11203  Can you decide it for ME? ★');
INSERT INTO exercise (id, chapter, subchapter, topic, text) VALUES (1119, 6, 25, 105, '11577  Letter Frequency');
INSERT INTO topic (id, subchapter, text) VALUES (106, 25, 'Input Parsing (Non Recursive)');
INSERT INTO exercise (id, chapter, subchapter, topic, text) VALUES (1120, 6, 25, 106, '271  Simply Syntax');
INSERT INTO exercise (id, chapter, subchapter, topic, text) VALUES (1121, 6, 25, 106, '327  Evaluating Simple C Expressions');
INSERT INTO exercise (id, chapter, subchapter, topic, text) VALUES (1122, 6, 25, 106, '391  Mark-up');
INSERT INTO exercise (id, chapter, subchapter, topic, text) VALUES (1123, 6, 25, 106, '397  Equation Elation');
INSERT INTO exercise (id, chapter, subchapter, topic, text) VALUES (1124, 6, 25, 106, '442  Matrix Chain Multiplication');
INSERT INTO exercise (id, chapter, subchapter, topic, text) VALUES (1125, 6, 25, 106, '486  English-Number Translator');
INSERT INTO exercise (id, chapter, subchapter, topic, text) VALUES (1126, 6, 25, 106, '537  Artificial Intelligence?');
INSERT INTO exercise (id, chapter, subchapter, topic, text) VALUES (1127, 6, 25, 106, '1200  A DP Problem');
INSERT INTO exercise (id, chapter, subchapter, topic, text) VALUES (1128, 6, 25, 106, '10906  Strange Integration ★');
INSERT INTO exercise (id, chapter, subchapter, topic, text) VALUES (1129, 6, 25, 106, '11148  Moliu Fractions');
INSERT INTO exercise (id, chapter, subchapter, topic, text) VALUES (1130, 6, 25, 106, '11357  Ensuring Truth ★');
INSERT INTO exercise (id, chapter, subchapter, topic, text) VALUES (1131, 6, 25, 106, '11878  Homework Checker ★');
INSERT INTO exercise (id, chapter, subchapter, topic, text) VALUES (1132, 6, 25, 106, '12543  Longest Word');
INSERT INTO topic (id, subchapter, text) VALUES (107, 25, 'Input Parsing (Recursive)');
INSERT INTO exercise (id, chapter, subchapter, topic, text) VALUES (1133, 6, 25, 107, '384  Slurpys');
INSERT INTO exercise (id, chapter, subchapter, topic, text) VALUES (1134, 6, 25, 107, '464  Sentence');
INSERT INTO exercise (id, chapter, subchapter, topic, text) VALUES (1135, 6, 25, 107, '620  Cellular Structure');
INSERT INTO exercise (id, chapter, subchapter, topic, text) VALUES (1136, 6, 25, 107, '622  Grammar Evaluation ★');
INSERT INTO exercise (id, chapter, subchapter, topic, text) VALUES (1137, 6, 25, 107, '743  The MTM Machine');
INSERT INTO exercise (id, chapter, subchapter, topic, text) VALUES (1138, 6, 25, 107, '10854  Number of Paths ★');
INSERT INTO exercise (id, chapter, subchapter, topic, text) VALUES (1139, 6, 25, 107, '11070  The Good Old Times');
INSERT INTO exercise (id, chapter, subchapter, topic, text) VALUES (1140, 6, 25, 107, '11291  Smeech ★');
INSERT INTO topic (id, subchapter, text) VALUES (108, 25, 'Solvable with Java String');
INSERT INTO exercise (id, chapter, subchapter, topic, text) VALUES (1141, 6, 25, 108, 'Pattern class (Regular Expression)');
INSERT INTO subchapter (id, chapter, text) VALUES (26, 6, 'Ad Hoc String Processing Problems - Part 2');
INSERT INTO topic (id, subchapter, text) VALUES (109, 26, 'Output Formatting');
INSERT INTO exercise (id, chapter, subchapter, topic, text) VALUES (1142, 6, 26, 109, '110  Meta-Loopless Sorts');
INSERT INTO exercise (id, chapter, subchapter, topic, text) VALUES (1143, 6, 26, 109, '159  Word Crosses');
INSERT INTO exercise (id, chapter, subchapter, topic, text) VALUES (1144, 6, 26, 109, '320  Border');
INSERT INTO exercise (id, chapter, subchapter, topic, text) VALUES (1145, 6, 26, 109, '330  Inventory Maintenance');
INSERT INTO exercise (id, chapter, subchapter, topic, text) VALUES (1146, 6, 26, 109, '338  Long Multiplication');
INSERT INTO exercise (id, chapter, subchapter, topic, text) VALUES (1147, 6, 26, 109, '373  Romulan Spelling');
INSERT INTO exercise (id, chapter, subchapter, topic, text) VALUES (1148, 6, 26, 109, '426  Fifth Bank of Swamp County');
INSERT INTO exercise (id, chapter, subchapter, topic, text) VALUES (1149, 6, 26, 109, '445  Marvelous Mazes');
INSERT INTO exercise (id, chapter, subchapter, topic, text) VALUES (1150, 6, 26, 109, '488  Triangle Wave ★');
INSERT INTO exercise (id, chapter, subchapter, topic, text) VALUES (1151, 6, 26, 109, '490  Rotating Sentences');
INSERT INTO exercise (id, chapter, subchapter, topic, text) VALUES (1152, 6, 26, 109, '570  Stats');
INSERT INTO exercise (id, chapter, subchapter, topic, text) VALUES (1153, 6, 26, 109, '645  File Mapping');
INSERT INTO exercise (id, chapter, subchapter, topic, text) VALUES (1154, 6, 26, 109, '890  Maze (II)');
INSERT INTO exercise (id, chapter, subchapter, topic, text) VALUES (1155, 6, 26, 109, '1219  Team Arrangement');
INSERT INTO exercise (id, chapter, subchapter, topic, text) VALUES (1156, 6, 26, 109, '10333  The Tower of ASCII');
INSERT INTO exercise (id, chapter, subchapter, topic, text) VALUES (1157, 6, 26, 109, '10500  Robot maps');
INSERT INTO exercise (id, chapter, subchapter, topic, text) VALUES (1158, 6, 26, 109, '10761  Broken Keyboard');
INSERT INTO exercise (id, chapter, subchapter, topic, text) VALUES (1159, 6, 26, 109, '10800  Not That Kind of Graph ★');
INSERT INTO exercise (id, chapter, subchapter, topic, text) VALUES (1160, 6, 26, 109, '10875  Big Math');
INSERT INTO exercise (id, chapter, subchapter, topic, text) VALUES (1161, 6, 26, 109, '10894  Save Hridoy');
INSERT INTO exercise (id, chapter, subchapter, topic, text) VALUES (1162, 6, 26, 109, '11074  Draw Grid');
INSERT INTO exercise (id, chapter, subchapter, topic, text) VALUES (1163, 6, 26, 109, '11482  Building a Triangular Museum');
INSERT INTO exercise (id, chapter, subchapter, topic, text) VALUES (1164, 6, 26, 109, '11965  Extra Spaces');
INSERT INTO exercise (id, chapter, subchapter, topic, text) VALUES (1165, 6, 26, 109, '12155  ASCII Diamondi ★');
INSERT INTO exercise (id, chapter, subchapter, topic, text) VALUES (1166, 6, 26, 109, '12364  In Braille');
INSERT INTO topic (id, subchapter, text) VALUES (110, 26, 'String Comparison');
INSERT INTO exercise (id, chapter, subchapter, topic, text) VALUES (1167, 6, 26, 110, '409  Excuses, Excuses!');
INSERT INTO exercise (id, chapter, subchapter, topic, text) VALUES (1168, 6, 26, 110, '644  Immediate Decodability ★');
INSERT INTO exercise (id, chapter, subchapter, topic, text) VALUES (1169, 6, 26, 110, '671  Spell checker');
INSERT INTO exercise (id, chapter, subchapter, topic, text) VALUES (1170, 6, 26, 110, '912  Live From Mars');
INSERT INTO exercise (id, chapter, subchapter, topic, text) VALUES (1171, 6, 26, 110, '11048  Automatic Correction of Misspellings ★');
INSERT INTO exercise (id, chapter, subchapter, topic, text) VALUES (1172, 6, 26, 110, '11056  Formula 1 ★');
INSERT INTO exercise (id, chapter, subchapter, topic, text) VALUES (1173, 6, 26, 110, '11233  Deli Deli');
INSERT INTO exercise (id, chapter, subchapter, topic, text) VALUES (1174, 6, 26, 110, '11713  Abstract Names');
INSERT INTO exercise (id, chapter, subchapter, topic, text) VALUES (1175, 6, 26, 110, '11734  Big Number of Teams will Solve This');
INSERT INTO topic (id, subchapter, text) VALUES (111, 26, 'Just Ad Hoc');
INSERT INTO exercise (id, chapter, subchapter, topic, text) VALUES (1176, 6, 26, 111, '153  Permalex');
INSERT INTO exercise (id, chapter, subchapter, topic, text) VALUES (1177, 6, 26, 111, '263  Number Chains');
INSERT INTO exercise (id, chapter, subchapter, topic, text) VALUES (1178, 6, 26, 111, '892  Finding words');
INSERT INTO exercise (id, chapter, subchapter, topic, text) VALUES (1179, 6, 26, 111, '941  Permutations ★');
INSERT INTO exercise (id, chapter, subchapter, topic, text) VALUES (1180, 6, 26, 111, '1215  String Cutting');
INSERT INTO exercise (id, chapter, subchapter, topic, text) VALUES (1181, 6, 26, 111, '1239  Greatest K-Palindrome Substring');
INSERT INTO exercise (id, chapter, subchapter, topic, text) VALUES (1182, 6, 26, 111, '10115  Automatic Editing');
INSERT INTO exercise (id, chapter, subchapter, topic, text) VALUES (1183, 6, 26, 111, '10126  Zipf''s Law');
INSERT INTO exercise (id, chapter, subchapter, topic, text) VALUES (1184, 6, 26, 111, '10197  Learning Portuguese');
INSERT INTO exercise (id, chapter, subchapter, topic, text) VALUES (1185, 6, 26, 111, '10361  Automatic Poetry');
INSERT INTO exercise (id, chapter, subchapter, topic, text) VALUES (1186, 6, 26, 111, '10391  Compound Words');
INSERT INTO exercise (id, chapter, subchapter, topic, text) VALUES (1187, 6, 26, 111, '10393  The One-Handed Typist ★');
INSERT INTO exercise (id, chapter, subchapter, topic, text) VALUES (1188, 6, 26, 111, '10508  Word Morphing');
INSERT INTO exercise (id, chapter, subchapter, topic, text) VALUES (1189, 6, 26, 111, '10679  I Love Strings!!');
INSERT INTO exercise (id, chapter, subchapter, topic, text) VALUES (1190, 6, 26, 111, '11452  Dancing the Cheeky-Cheeky ★');
INSERT INTO exercise (id, chapter, subchapter, topic, text) VALUES (1191, 6, 26, 111, '11483  Code Creator');
INSERT INTO exercise (id, chapter, subchapter, topic, text) VALUES (1192, 6, 26, 111, '11839  Optical Reader');
INSERT INTO exercise (id, chapter, subchapter, topic, text) VALUES (1193, 6, 26, 111, '11962  DNA II');
INSERT INTO exercise (id, chapter, subchapter, topic, text) VALUES (1194, 6, 26, 111, '12243  Flowers Flourish from France');
INSERT INTO exercise (id, chapter, subchapter, topic, text) VALUES (1195, 6, 26, 111, '12414  Calculating Yuan Fen');
INSERT INTO subchapter (id, chapter, text) VALUES (27, 6, 'String Matching');
INSERT INTO topic (id, subchapter, text) VALUES (112, 27, 'Standard');
INSERT INTO exercise (id, chapter, subchapter, topic, text) VALUES (1196, 6, 27, 112, '455  Periodic Strings');
INSERT INTO exercise (id, chapter, subchapter, topic, text) VALUES (1197, 6, 27, 112, '886  Named Extension Dialing');
INSERT INTO exercise (id, chapter, subchapter, topic, text) VALUES (1198, 6, 27, 112, '10298  Power Strings ★');
INSERT INTO exercise (id, chapter, subchapter, topic, text) VALUES (1199, 6, 27, 112, '11362  Phone List');
INSERT INTO exercise (id, chapter, subchapter, topic, text) VALUES (1200, 6, 27, 112, '11475  Extend to Palindrome ★');
INSERT INTO exercise (id, chapter, subchapter, topic, text) VALUES (1201, 6, 27, 112, '11576  Scrolling Sign ★');
INSERT INTO exercise (id, chapter, subchapter, topic, text) VALUES (1202, 6, 27, 112, '11888  Abnormal 89''s');
INSERT INTO exercise (id, chapter, subchapter, topic, text) VALUES (1203, 6, 27, 112, '12467  Secret Word');
INSERT INTO topic (id, subchapter, text) VALUES (113, 27, 'In 2D Grid');
INSERT INTO exercise (id, chapter, subchapter, topic, text) VALUES (1204, 6, 27, 113, '422  Word-Search Wonder ★');
INSERT INTO exercise (id, chapter, subchapter, topic, text) VALUES (1205, 6, 27, 113, '604  The Boggle Game');
INSERT INTO exercise (id, chapter, subchapter, topic, text) VALUES (1206, 6, 27, 113, '736  Lost in Space');
INSERT INTO exercise (id, chapter, subchapter, topic, text) VALUES (1207, 6, 27, 113, '10010  Where''s Waldorf? ★');
INSERT INTO exercise (id, chapter, subchapter, topic, text) VALUES (1208, 6, 27, 113, '11283  Playing Boggle ★');
INSERT INTO subchapter (id, chapter, text) VALUES (28, 6, 'String Processing with Dynamic Programming');
INSERT INTO topic (id, subchapter, text) VALUES (114, 28, 'Classic');
INSERT INTO exercise (id, chapter, subchapter, topic, text) VALUES (1209, 6, 28, 114, '164  String Computer');
INSERT INTO exercise (id, chapter, subchapter, topic, text) VALUES (1210, 6, 28, 114, '526  String Distance and Transform Process ★');
INSERT INTO exercise (id, chapter, subchapter, topic, text) VALUES (1211, 6, 28, 114, '531  Compromise');
INSERT INTO exercise (id, chapter, subchapter, topic, text) VALUES (1212, 6, 28, 114, '1207  AGTC');
INSERT INTO exercise (id, chapter, subchapter, topic, text) VALUES (1213, 6, 28, 114, '10066  The Twin Towers');
INSERT INTO exercise (id, chapter, subchapter, topic, text) VALUES (1214, 6, 28, 114, '10100  Longest Match');
INSERT INTO exercise (id, chapter, subchapter, topic, text) VALUES (1215, 6, 28, 114, '10192  Vacation ★');
INSERT INTO exercise (id, chapter, subchapter, topic, text) VALUES (1216, 6, 28, 114, '10405  Longest Common Subsequence');
INSERT INTO exercise (id, chapter, subchapter, topic, text) VALUES (1217, 6, 28, 114, '10635  Prince and Princess ★');
INSERT INTO exercise (id, chapter, subchapter, topic, text) VALUES (1218, 6, 28, 114, '10739  String to Palindrome');
INSERT INTO topic (id, subchapter, text) VALUES (115, 28, 'Non Classic');
INSERT INTO exercise (id, chapter, subchapter, topic, text) VALUES (1219, 6, 28, 115, '257  Palinwords');
INSERT INTO exercise (id, chapter, subchapter, topic, text) VALUES (1220, 6, 28, 115, '10453  Make Palindrome');
INSERT INTO exercise (id, chapter, subchapter, topic, text) VALUES (1221, 6, 28, 115, '10617  Again Palindrome');
INSERT INTO exercise (id, chapter, subchapter, topic, text) VALUES (1222, 6, 28, 115, '11022  String Factoring ★');
INSERT INTO exercise (id, chapter, subchapter, topic, text) VALUES (1223, 6, 28, 115, '11151  Longest Palindrome ★');
INSERT INTO exercise (id, chapter, subchapter, topic, text) VALUES (1224, 6, 28, 115, '11258  String Partition ★');
INSERT INTO exercise (id, chapter, subchapter, topic, text) VALUES (1225, 6, 28, 115, '11552  Fewest Flops');
INSERT INTO subchapter (id, chapter, text) VALUES (29, 6, 'Suffix Trie, Tree, Array');
INSERT INTO topic (id, subchapter, text) VALUES (116, 29, 'Standard');
INSERT INTO exercise (id, chapter, subchapter, topic, text) VALUES (1226, 6, 29, 116, '719  Glass Beads');
INSERT INTO exercise (id, chapter, subchapter, topic, text) VALUES (1227, 6, 29, 116, '760  DNA Sequencing ★');
INSERT INTO exercise (id, chapter, subchapter, topic, text) VALUES (1228, 6, 29, 116, '1223  Editor');
INSERT INTO exercise (id, chapter, subchapter, topic, text) VALUES (1229, 6, 29, 116, '1254  Top 10');
INSERT INTO exercise (id, chapter, subchapter, topic, text) VALUES (1230, 6, 29, 116, '11107  Life Forms ★');
INSERT INTO exercise (id, chapter, subchapter, topic, text) VALUES (1231, 6, 29, 116, '11512  GATTACA ★');
INSERT INTO chapter (id, text) VALUES (7, 'Capitulo 07');
INSERT INTO subchapter (id, chapter, text) VALUES (30, 7, 'Basic Geometry - Part 1');
INSERT INTO topic (id, subchapter, text) VALUES (117, 30, 'Points and Lines');
INSERT INTO exercise (id, chapter, subchapter, topic, text) VALUES (1232, 7, 30, 117, '152  Tree''s a Crowd');
INSERT INTO exercise (id, chapter, subchapter, topic, text) VALUES (1233, 7, 30, 117, '191  Intersection');
INSERT INTO exercise (id, chapter, subchapter, topic, text) VALUES (1234, 7, 30, 117, '378  Intersecting Lines');
INSERT INTO exercise (id, chapter, subchapter, topic, text) VALUES (1235, 7, 30, 117, '587  There''s treasure everywhere!');
INSERT INTO exercise (id, chapter, subchapter, topic, text) VALUES (1236, 7, 30, 117, '833  Water Falls');
INSERT INTO exercise (id, chapter, subchapter, topic, text) VALUES (1237, 7, 30, 117, '837  Light and Transparencies');
INSERT INTO exercise (id, chapter, subchapter, topic, text) VALUES (1238, 7, 30, 117, '920  Sunny Mountains ★');
INSERT INTO exercise (id, chapter, subchapter, topic, text) VALUES (1239, 7, 30, 117, '1249  Euclid');
INSERT INTO exercise (id, chapter, subchapter, topic, text) VALUES (1240, 7, 30, 117, '10242  Fourth Point !!');
INSERT INTO exercise (id, chapter, subchapter, topic, text) VALUES (1241, 7, 30, 117, '10250  The Other Two Trees');
INSERT INTO exercise (id, chapter, subchapter, topic, text) VALUES (1242, 7, 30, 117, '10263  Railway ★');
INSERT INTO exercise (id, chapter, subchapter, topic, text) VALUES (1243, 7, 30, 117, '10357  Playball !!!');
INSERT INTO exercise (id, chapter, subchapter, topic, text) VALUES (1244, 7, 30, 117, '10466  How Far?');
INSERT INTO exercise (id, chapter, subchapter, topic, text) VALUES (1245, 7, 30, 117, '10585  Center of symmetry');
INSERT INTO exercise (id, chapter, subchapter, topic, text) VALUES (1246, 7, 30, 117, '10832  Yoyodyne');
INSERT INTO exercise (id, chapter, subchapter, topic, text) VALUES (1247, 7, 30, 117, '10865  Brownie Points');
INSERT INTO exercise (id, chapter, subchapter, topic, text) VALUES (1248, 7, 30, 117, '10902  Pick-up Sticks');
INSERT INTO exercise (id, chapter, subchapter, topic, text) VALUES (1249, 7, 30, 117, '10927  Bright Lights ★');
INSERT INTO exercise (id, chapter, subchapter, topic, text) VALUES (1250, 7, 30, 117, '11068  An Easy Task');
INSERT INTO exercise (id, chapter, subchapter, topic, text) VALUES (1251, 7, 30, 117, '11343  Isolated Segments');
INSERT INTO exercise (id, chapter, subchapter, topic, text) VALUES (1252, 7, 30, 117, '11505  Logo');
INSERT INTO exercise (id, chapter, subchapter, topic, text) VALUES (1253, 7, 30, 117, '11519  Logo 2');
INSERT INTO exercise (id, chapter, subchapter, topic, text) VALUES (1254, 7, 30, 117, '11894  Genius MJ');
INSERT INTO topic (id, subchapter, text) VALUES (118, 30, 'Triangles (plus Circles)');
INSERT INTO exercise (id, chapter, subchapter, topic, text) VALUES (1255, 7, 30, 118, '121  Pipe Fitters');
INSERT INTO exercise (id, chapter, subchapter, topic, text) VALUES (1256, 7, 30, 118, '143  Orchard Trees');
INSERT INTO exercise (id, chapter, subchapter, topic, text) VALUES (1257, 7, 30, 118, '190  Circle Through Three Points');
INSERT INTO exercise (id, chapter, subchapter, topic, text) VALUES (1258, 7, 30, 118, '375  Inscribed Circles and Isosceles Triangles');
INSERT INTO exercise (id, chapter, subchapter, topic, text) VALUES (1259, 7, 30, 118, '438  The Circumference of the Circle');
INSERT INTO exercise (id, chapter, subchapter, topic, text) VALUES (1260, 7, 30, 118, '10195  The Knights Of The Round Table');
INSERT INTO exercise (id, chapter, subchapter, topic, text) VALUES (1261, 7, 30, 118, '10210  Romeo and Juliet !');
INSERT INTO exercise (id, chapter, subchapter, topic, text) VALUES (1262, 7, 30, 118, '10286  Trouble with a Pentagon');
INSERT INTO exercise (id, chapter, subchapter, topic, text) VALUES (1263, 7, 30, 118, '10347  Medians');
INSERT INTO exercise (id, chapter, subchapter, topic, text) VALUES (1264, 7, 30, 118, '10387  Billiard');
INSERT INTO exercise (id, chapter, subchapter, topic, text) VALUES (1265, 7, 30, 118, '10522  Height to Area');
INSERT INTO exercise (id, chapter, subchapter, topic, text) VALUES (1266, 7, 30, 118, '10577  Bounding box ★');
INSERT INTO exercise (id, chapter, subchapter, topic, text) VALUES (1267, 7, 30, 118, '10792  The Laurel-Hardy Story');
INSERT INTO exercise (id, chapter, subchapter, topic, text) VALUES (1268, 7, 30, 118, '10991  Region');
INSERT INTO exercise (id, chapter, subchapter, topic, text) VALUES (1269, 7, 30, 118, '11152  Colourful Flowers ★');
INSERT INTO exercise (id, chapter, subchapter, topic, text) VALUES (1270, 7, 30, 118, '11164  Kingdom Division');
INSERT INTO exercise (id, chapter, subchapter, topic, text) VALUES (1271, 7, 30, 118, '11281  Triangular Pegs in Round Holes');
INSERT INTO exercise (id, chapter, subchapter, topic, text) VALUES (1272, 7, 30, 118, '11326  Laser Pointer');
INSERT INTO exercise (id, chapter, subchapter, topic, text) VALUES (1273, 7, 30, 118, '11437  Triangle Fun');
INSERT INTO exercise (id, chapter, subchapter, topic, text) VALUES (1274, 7, 30, 118, '11479  Is this the easiest problem?');
INSERT INTO exercise (id, chapter, subchapter, topic, text) VALUES (1275, 7, 30, 118, '11579  Triangle Trouble');
INSERT INTO exercise (id, chapter, subchapter, topic, text) VALUES (1276, 7, 30, 118, '11854  Egypt');
INSERT INTO exercise (id, chapter, subchapter, topic, text) VALUES (1277, 7, 30, 118, '11909  Soya Milk ★');
INSERT INTO exercise (id, chapter, subchapter, topic, text) VALUES (1278, 7, 30, 118, '11936  The Lazy Lumberjacks');
INSERT INTO subchapter (id, chapter, text) VALUES (31, 7, 'Basic Geometry - Part 2');
INSERT INTO topic (id, subchapter, text) VALUES (119, 31, 'Circles (only)');
INSERT INTO exercise (id, chapter, subchapter, topic, text) VALUES (1279, 7, 31, 119, '1388  Graveyard');
INSERT INTO exercise (id, chapter, subchapter, topic, text) VALUES (1280, 7, 31, 119, '10005  Packing polygons ★');
INSERT INTO exercise (id, chapter, subchapter, topic, text) VALUES (1281, 7, 31, 119, '10136  Chocolate Chip Cookies');
INSERT INTO exercise (id, chapter, subchapter, topic, text) VALUES (1282, 7, 31, 119, '10180  Rope Crisis in Ropeland!');
INSERT INTO exercise (id, chapter, subchapter, topic, text) VALUES (1283, 7, 31, 119, '10209  Is This Integration ?');
INSERT INTO exercise (id, chapter, subchapter, topic, text) VALUES (1284, 7, 31, 119, '10221  Satellites');
INSERT INTO exercise (id, chapter, subchapter, topic, text) VALUES (1285, 7, 31, 119, '10283  The Kissing Circles');
INSERT INTO exercise (id, chapter, subchapter, topic, text) VALUES (1286, 7, 31, 119, '10432  Polygon Inside A Circle');
INSERT INTO exercise (id, chapter, subchapter, topic, text) VALUES (1287, 7, 31, 119, '10451  Ancient Village Sports');
INSERT INTO exercise (id, chapter, subchapter, topic, text) VALUES (1288, 7, 31, 119, '10573  Geometry Paradox');
INSERT INTO exercise (id, chapter, subchapter, topic, text) VALUES (1289, 7, 31, 119, '10589  Area ★');
INSERT INTO exercise (id, chapter, subchapter, topic, text) VALUES (1290, 7, 31, 119, '10678  The Grazing Cow ★');
INSERT INTO exercise (id, chapter, subchapter, topic, text) VALUES (1291, 7, 31, 119, '12578  10:6:2');
INSERT INTO topic (id, subchapter, text) VALUES (120, 31, 'Quadrilaterals');
INSERT INTO exercise (id, chapter, subchapter, topic, text) VALUES (1292, 7, 31, 120, '155  All Squares');
INSERT INTO exercise (id, chapter, subchapter, topic, text) VALUES (1293, 7, 31, 120, '460  Overlapping Rectangles ★');
INSERT INTO exercise (id, chapter, subchapter, topic, text) VALUES (1294, 7, 31, 120, '476  Points in Figures: Rectangles');
INSERT INTO exercise (id, chapter, subchapter, topic, text) VALUES (1295, 7, 31, 120, '477  Points in Figures: Rectangles and Circles');
INSERT INTO exercise (id, chapter, subchapter, topic, text) VALUES (1296, 7, 31, 120, '11207  The easiest way ★');
INSERT INTO exercise (id, chapter, subchapter, topic, text) VALUES (1297, 7, 31, 120, '11345  Rectangles');
INSERT INTO exercise (id, chapter, subchapter, topic, text) VALUES (1298, 7, 31, 120, '11455  Behold my quadrangle');
INSERT INTO exercise (id, chapter, subchapter, topic, text) VALUES (1299, 7, 31, 120, '11639  Guard the Land');
INSERT INTO exercise (id, chapter, subchapter, topic, text) VALUES (1300, 7, 31, 120, '11800  Determine the Shape');
INSERT INTO exercise (id, chapter, subchapter, topic, text) VALUES (1301, 7, 31, 120, '11834  Elevator ★');
INSERT INTO exercise (id, chapter, subchapter, topic, text) VALUES (1302, 7, 31, 120, '12256  Making Quadrilaterals');
INSERT INTO topic (id, subchapter, text) VALUES (121, 31, '3D Objects');
INSERT INTO exercise (id, chapter, subchapter, topic, text) VALUES (1303, 7, 31, 121, '737  Gleaming the Cubes ★');
INSERT INTO exercise (id, chapter, subchapter, topic, text) VALUES (1304, 7, 31, 121, '815  Flooded! ★');
INSERT INTO exercise (id, chapter, subchapter, topic, text) VALUES (1305, 7, 31, 121, '10297  Beavergnaw ★');
INSERT INTO subchapter (id, chapter, text) VALUES (32, 7, 'Polygon');
INSERT INTO topic (id, subchapter, text) VALUES (122, 32, 'Standard');
INSERT INTO exercise (id, chapter, subchapter, topic, text) VALUES (1306, 7, 32, 122, '109  SCUD Busters');
INSERT INTO exercise (id, chapter, subchapter, topic, text) VALUES (1307, 7, 32, 122, '137  Polygons');
INSERT INTO exercise (id, chapter, subchapter, topic, text) VALUES (1308, 7, 32, 122, '218  Moth Eradication');
INSERT INTO exercise (id, chapter, subchapter, topic, text) VALUES (1309, 7, 32, 122, '361  Cops and Robbers');
INSERT INTO exercise (id, chapter, subchapter, topic, text) VALUES (1310, 7, 32, 122, '478  Points in Figures: Rectangles, Circles, Triangles');
INSERT INTO exercise (id, chapter, subchapter, topic, text) VALUES (1311, 7, 32, 122, '596  The Incredible Hull');
INSERT INTO exercise (id, chapter, subchapter, topic, text) VALUES (1312, 7, 32, 122, '634  Polygon');
INSERT INTO exercise (id, chapter, subchapter, topic, text) VALUES (1313, 7, 32, 122, '681  Convex Hull Finding');
INSERT INTO exercise (id, chapter, subchapter, topic, text) VALUES (1314, 7, 32, 122, '858  Berry Picking');
INSERT INTO exercise (id, chapter, subchapter, topic, text) VALUES (1315, 7, 32, 122, '1111  Trash Removal ★');
INSERT INTO exercise (id, chapter, subchapter, topic, text) VALUES (1316, 7, 32, 122, '1206  Boundary Points');
INSERT INTO exercise (id, chapter, subchapter, topic, text) VALUES (1317, 7, 32, 122, '10002  Center of Masses');
INSERT INTO exercise (id, chapter, subchapter, topic, text) VALUES (1318, 7, 32, 122, '10060  A hole to catch a man');
INSERT INTO exercise (id, chapter, subchapter, topic, text) VALUES (1319, 7, 32, 122, '10065  Useless Tile Packers');
INSERT INTO exercise (id, chapter, subchapter, topic, text) VALUES (1320, 7, 32, 122, '10112  Myacm Triangles');
INSERT INTO exercise (id, chapter, subchapter, topic, text) VALUES (1321, 7, 32, 122, '10406  Cutting tabletops');
INSERT INTO exercise (id, chapter, subchapter, topic, text) VALUES (1322, 7, 32, 122, '10652  Board Wrapping ★');
INSERT INTO exercise (id, chapter, subchapter, topic, text) VALUES (1323, 7, 32, 122, '11096  Nails');
INSERT INTO exercise (id, chapter, subchapter, topic, text) VALUES (1324, 7, 32, 122, '11265  The Sultan''s Problem ★');
INSERT INTO exercise (id, chapter, subchapter, topic, text) VALUES (1325, 7, 32, 122, '11447  Reservoir logs');
INSERT INTO exercise (id, chapter, subchapter, topic, text) VALUES (1326, 7, 32, 122, '11473  Campus Roads');
INSERT INTO exercise (id, chapter, subchapter, topic, text) VALUES (1327, 7, 32, 122, '11626  Convex Hull');
INSERT INTO chapter (id, text) VALUES (8, 'Capitulo 08');
INSERT INTO subchapter (id, chapter, text) VALUES (33, 8, 'More Advanced Search Techniques');
INSERT INTO topic (id, subchapter, text) VALUES (123, 33, 'More Challenging Backtracking Problems');
INSERT INTO exercise (id, chapter, subchapter, topic, text) VALUES (1328, 8, 33, 123, '131  The Psychic Poker Player');
INSERT INTO exercise (id, chapter, subchapter, topic, text) VALUES (1329, 8, 33, 123, '710  The Game');
INSERT INTO exercise (id, chapter, subchapter, topic, text) VALUES (1330, 8, 33, 123, '711  Dividing up');
INSERT INTO exercise (id, chapter, subchapter, topic, text) VALUES (1331, 8, 33, 123, '989  Su Doku');
INSERT INTO exercise (id, chapter, subchapter, topic, text) VALUES (1332, 8, 33, 123, '1052  Bit Compressor');
INSERT INTO exercise (id, chapter, subchapter, topic, text) VALUES (1333, 8, 33, 123, '10309  Turn the Lights Off ★');
INSERT INTO exercise (id, chapter, subchapter, topic, text) VALUES (1334, 8, 33, 123, '10318  Security Panel');
INSERT INTO exercise (id, chapter, subchapter, topic, text) VALUES (1335, 8, 33, 123, '10890  Maze');
INSERT INTO exercise (id, chapter, subchapter, topic, text) VALUES (1336, 8, 33, 123, '10957  So Doku Checker');
INSERT INTO exercise (id, chapter, subchapter, topic, text) VALUES (1337, 8, 33, 123, '11195  Another n-Queen Problem ★');
INSERT INTO exercise (id, chapter, subchapter, topic, text) VALUES (1338, 8, 33, 123, '11065  A Gentlemen''s Agreement ★');
INSERT INTO exercise (id, chapter, subchapter, topic, text) VALUES (1339, 8, 33, 123, '11127  Triple-Free Binary Strings');
INSERT INTO exercise (id, chapter, subchapter, topic, text) VALUES (1340, 8, 33, 123, '11464  Even Parity');
INSERT INTO exercise (id, chapter, subchapter, topic, text) VALUES (1341, 8, 33, 123, '11471  Arrange the Tiles');
INSERT INTO topic (id, subchapter, text) VALUES (124, 33, 'More Challenging State-Space Search with BFS or Dijkstra''s');
INSERT INTO exercise (id, chapter, subchapter, topic, text) VALUES (1342, 8, 33, 124, '321  The New Villa');
INSERT INTO exercise (id, chapter, subchapter, topic, text) VALUES (1343, 8, 33, 124, '658  It''s not a Bug, it''s a Feature!');
INSERT INTO exercise (id, chapter, subchapter, topic, text) VALUES (1344, 8, 33, 124, '928  Eternal Truths');
INSERT INTO exercise (id, chapter, subchapter, topic, text) VALUES (1345, 8, 33, 124, '985  Round and Round Maze ★');
INSERT INTO exercise (id, chapter, subchapter, topic, text) VALUES (1346, 8, 33, 124, '1057  Routing');
INSERT INTO exercise (id, chapter, subchapter, topic, text) VALUES (1347, 8, 33, 124, '1251  Repeated Substitution with Sed');
INSERT INTO exercise (id, chapter, subchapter, topic, text) VALUES (1348, 8, 33, 124, '1253  Infected Land');
INSERT INTO exercise (id, chapter, subchapter, topic, text) VALUES (1349, 8, 33, 124, '10047  The Monocycle');
INSERT INTO exercise (id, chapter, subchapter, topic, text) VALUES (1350, 8, 33, 124, '10097  The Color Game');
INSERT INTO exercise (id, chapter, subchapter, topic, text) VALUES (1351, 8, 33, 124, '10923  Seven Seas');
INSERT INTO exercise (id, chapter, subchapter, topic, text) VALUES (1352, 8, 33, 124, '11198  Dancing Digits ★');
INSERT INTO exercise (id, chapter, subchapter, topic, text) VALUES (1353, 8, 33, 124, '11329  Curious Fleas ★');
INSERT INTO exercise (id, chapter, subchapter, topic, text) VALUES (1354, 8, 33, 124, '11513  9 Puzzle');
INSERT INTO exercise (id, chapter, subchapter, topic, text) VALUES (1355, 8, 33, 124, '11974  Switch The Lights');
INSERT INTO exercise (id, chapter, subchapter, topic, text) VALUES (1356, 8, 33, 124, '12135  Switch Bulbs');
INSERT INTO topic (id, subchapter, text) VALUES (125, 33, 'Meet in the Middle');
INSERT INTO exercise (id, chapter, subchapter, topic, text) VALUES (1357, 8, 33, 125, 'A*');
INSERT INTO subchapter (id, chapter, text) VALUES (34, 8, 'Problem Decomposition');
INSERT INTO topic (id, subchapter, text) VALUES (126, 34, 'Two Components - Binary Search the Answer and Other');
INSERT INTO exercise (id, chapter, subchapter, topic, text) VALUES (1358, 8, 34, 126, '714  Copying Books');
INSERT INTO exercise (id, chapter, subchapter, topic, text) VALUES (1359, 8, 34, 126, '1221  Against Mammoths');
INSERT INTO exercise (id, chapter, subchapter, topic, text) VALUES (1360, 8, 34, 126, '1280  Curvy Little Bottles');
INSERT INTO exercise (id, chapter, subchapter, topic, text) VALUES (1361, 8, 34, 126, '10372  Leaps Tall Buildings (in a single bound)');
INSERT INTO exercise (id, chapter, subchapter, topic, text) VALUES (1362, 8, 34, 126, '10566  Crossed Ladders');
INSERT INTO exercise (id, chapter, subchapter, topic, text) VALUES (1363, 8, 34, 126, '10606  Opening Doors');
INSERT INTO exercise (id, chapter, subchapter, topic, text) VALUES (1364, 8, 34, 126, '10668  Expanding Rods');
INSERT INTO exercise (id, chapter, subchapter, topic, text) VALUES (1365, 8, 34, 126, '10804  Gopher Strategy');
INSERT INTO exercise (id, chapter, subchapter, topic, text) VALUES (1366, 8, 34, 126, '10816  Travel in Desert');
INSERT INTO exercise (id, chapter, subchapter, topic, text) VALUES (1367, 8, 34, 126, '10983  Buy one, get the rest free ★');
INSERT INTO exercise (id, chapter, subchapter, topic, text) VALUES (1368, 8, 34, 126, '11262  Weird Fence ★');
INSERT INTO exercise (id, chapter, subchapter, topic, text) VALUES (1369, 8, 34, 126, '11516  WiFi ★');
INSERT INTO exercise (id, chapter, subchapter, topic, text) VALUES (1370, 8, 34, 126, '11646  Athletics Track');
INSERT INTO exercise (id, chapter, subchapter, topic, text) VALUES (1371, 8, 34, 126, '12428  Enemy at the Gates');
INSERT INTO topic (id, subchapter, text) VALUES (127, 34, 'Two Components - Involving DP 1D RSQ');
INSERT INTO exercise (id, chapter, subchapter, topic, text) VALUES (1372, 8, 34, 127, 'RMQ');
INSERT INTO topic (id, subchapter, text) VALUES (128, 34, 'Two Components - Graph Preprocessing and DP');
INSERT INTO exercise (id, chapter, subchapter, topic, text) VALUES (1373, 8, 34, 128, '976  Bridge Building ★');
INSERT INTO exercise (id, chapter, subchapter, topic, text) VALUES (1374, 8, 34, 128, '10917  Walk Through the Forest');
INSERT INTO exercise (id, chapter, subchapter, topic, text) VALUES (1375, 8, 34, 128, '10937  Blackbeard the Pirate');
INSERT INTO exercise (id, chapter, subchapter, topic, text) VALUES (1376, 8, 34, 128, '10944  Nuts for nuts..');
INSERT INTO exercise (id, chapter, subchapter, topic, text) VALUES (1377, 8, 34, 128, '11324  The Largest Clique ★');
INSERT INTO exercise (id, chapter, subchapter, topic, text) VALUES (1378, 8, 34, 128, '11405  Can U Win? ★');
INSERT INTO exercise (id, chapter, subchapter, topic, text) VALUES (1379, 8, 34, 128, '11693  Speedy Escape');
INSERT INTO exercise (id, chapter, subchapter, topic, text) VALUES (1380, 8, 34, 128, '11813  Shopping');
INSERT INTO topic (id, subchapter, text) VALUES (129, 34, 'Two Components - Involving Graph');
INSERT INTO exercise (id, chapter, subchapter, topic, text) VALUES (1381, 8, 34, 129, '273  Jack Straws');
INSERT INTO exercise (id, chapter, subchapter, topic, text) VALUES (1382, 8, 34, 129, '521  Gossiping');
INSERT INTO exercise (id, chapter, subchapter, topic, text) VALUES (1383, 8, 34, 129, '1039  Simplified GSM Network');
INSERT INTO exercise (id, chapter, subchapter, topic, text) VALUES (1384, 8, 34, 129, '1092  Tracking Bio-bots ★');
INSERT INTO exercise (id, chapter, subchapter, topic, text) VALUES (1385, 8, 34, 129, '1243  Polynomial-time Reductions');
INSERT INTO exercise (id, chapter, subchapter, topic, text) VALUES (1386, 8, 34, 129, '1263  Mines');
INSERT INTO exercise (id, chapter, subchapter, topic, text) VALUES (1387, 8, 34, 129, '10075  Airlines');
INSERT INTO exercise (id, chapter, subchapter, topic, text) VALUES (1388, 8, 34, 129, '10307  Killing Aliens in Borg Maze');
INSERT INTO exercise (id, chapter, subchapter, topic, text) VALUES (1389, 8, 34, 129, '11267  The Hire-a-Coder Business Model');
INSERT INTO exercise (id, chapter, subchapter, topic, text) VALUES (1390, 8, 34, 129, '11635  Hotel booking ★');
INSERT INTO exercise (id, chapter, subchapter, topic, text) VALUES (1391, 8, 34, 129, '11721  Instant View of Big Bang');
INSERT INTO exercise (id, chapter, subchapter, topic, text) VALUES (1392, 8, 34, 129, '11730  Number Transformation');
INSERT INTO exercise (id, chapter, subchapter, topic, text) VALUES (1393, 8, 34, 129, '12070  Invite Your Friends');
INSERT INTO exercise (id, chapter, subchapter, topic, text) VALUES (1394, 8, 34, 129, '12101  Prime Path');
INSERT INTO exercise (id, chapter, subchapter, topic, text) VALUES (1395, 8, 34, 129, '12159  Gun Fight ★');
INSERT INTO topic (id, subchapter, text) VALUES (130, 34, 'Two Components - Involving Mathematics');
INSERT INTO exercise (id, chapter, subchapter, topic, text) VALUES (1396, 8, 34, 130, '1195  Calling Extraterrestrial Intelligence Again');
INSERT INTO exercise (id, chapter, subchapter, topic, text) VALUES (1397, 8, 34, 130, '10325  The Lottery');
INSERT INTO exercise (id, chapter, subchapter, topic, text) VALUES (1398, 8, 34, 130, '10427  Naughty Sleepy Boys');
INSERT INTO exercise (id, chapter, subchapter, topic, text) VALUES (1399, 8, 34, 130, '10539  Almost Prime Numbers ★');
INSERT INTO exercise (id, chapter, subchapter, topic, text) VALUES (1400, 8, 34, 130, '10637  Coprimes ★');
INSERT INTO exercise (id, chapter, subchapter, topic, text) VALUES (1401, 8, 34, 130, '10717  Mint ★');
INSERT INTO exercise (id, chapter, subchapter, topic, text) VALUES (1402, 8, 34, 130, '11282  Mixing Invitations');
INSERT INTO exercise (id, chapter, subchapter, topic, text) VALUES (1403, 8, 34, 130, '11415  Count the Factorials');
INSERT INTO exercise (id, chapter, subchapter, topic, text) VALUES (1404, 8, 34, 130, '11428  Cubes');
INSERT INTO topic (id, subchapter, text) VALUES (131, 34, 'Two Components - Complete Search and Geometry');
INSERT INTO exercise (id, chapter, subchapter, topic, text) VALUES (1405, 8, 34, 131, '142  Mouse Clicks');
INSERT INTO exercise (id, chapter, subchapter, topic, text) VALUES (1406, 8, 34, 131, '184  Laser Lines');
INSERT INTO exercise (id, chapter, subchapter, topic, text) VALUES (1407, 8, 34, 131, '201  Squares');
INSERT INTO exercise (id, chapter, subchapter, topic, text) VALUES (1408, 8, 34, 131, '270  Lining Up');
INSERT INTO exercise (id, chapter, subchapter, topic, text) VALUES (1409, 8, 34, 131, '356  Square Pegs And Round Holes');
INSERT INTO exercise (id, chapter, subchapter, topic, text) VALUES (1410, 8, 34, 131, '638  Finding Rectangles');
INSERT INTO exercise (id, chapter, subchapter, topic, text) VALUES (1411, 8, 34, 131, '688  Mobile Phone Coverage');
INSERT INTO exercise (id, chapter, subchapter, topic, text) VALUES (1412, 8, 34, 131, '10012  How Big Is It? ★');
INSERT INTO exercise (id, chapter, subchapter, topic, text) VALUES (1413, 8, 34, 131, '10167  Birthday Cake');
INSERT INTO exercise (id, chapter, subchapter, topic, text) VALUES (1414, 8, 34, 131, '10301  Rings and Glue');
INSERT INTO exercise (id, chapter, subchapter, topic, text) VALUES (1415, 8, 34, 131, '10310  Dog and Gopher');
INSERT INTO exercise (id, chapter, subchapter, topic, text) VALUES (1416, 8, 34, 131, '10823  Of Circles and Squares');
INSERT INTO exercise (id, chapter, subchapter, topic, text) VALUES (1417, 8, 34, 131, '11227  The silver bullet. ★');
INSERT INTO exercise (id, chapter, subchapter, topic, text) VALUES (1418, 8, 34, 131, '11515  Cranes');
INSERT INTO exercise (id, chapter, subchapter, topic, text) VALUES (1419, 8, 34, 131, '11574  Colliding Traffic ★');
INSERT INTO topic (id, subchapter, text) VALUES (132, 34, 'Two Components - Mixed with Efficient Data Structure');
INSERT INTO exercise (id, chapter, subchapter, topic, text) VALUES (1420, 8, 34, 132, '843  Crypt Kicker');
INSERT INTO exercise (id, chapter, subchapter, topic, text) VALUES (1421, 8, 34, 132, '922  Rectangle by the Ocean');
INSERT INTO exercise (id, chapter, subchapter, topic, text) VALUES (1422, 8, 34, 132, '10734  Triangle Partitioning');
INSERT INTO exercise (id, chapter, subchapter, topic, text) VALUES (1423, 8, 34, 132, '11474  Dying Tree ★');
INSERT INTO exercise (id, chapter, subchapter, topic, text) VALUES (1424, 8, 34, 132, '11525  Permutation ★');
INSERT INTO exercise (id, chapter, subchapter, topic, text) VALUES (1425, 8, 34, 132, '11960  Divisor Game ★');
INSERT INTO exercise (id, chapter, subchapter, topic, text) VALUES (1426, 8, 34, 132, '11966  Galactic Bonding');
INSERT INTO exercise (id, chapter, subchapter, topic, text) VALUES (1427, 8, 34, 132, '11967  Hic-Hac-Hoe');
INSERT INTO exercise (id, chapter, subchapter, topic, text) VALUES (1428, 8, 34, 132, '12318  Digital Roulette');
INSERT INTO exercise (id, chapter, subchapter, topic, text) VALUES (1429, 8, 34, 132, '12460  Careful teacher');
INSERT INTO topic (id, subchapter, text) VALUES (133, 34, 'Three Components');
INSERT INTO exercise (id, chapter, subchapter, topic, text) VALUES (1430, 8, 34, 133, '295  Fatman ★');
INSERT INTO exercise (id, chapter, subchapter, topic, text) VALUES (1431, 8, 34, 133, '811  The Fortified Forest');
INSERT INTO exercise (id, chapter, subchapter, topic, text) VALUES (1432, 8, 34, 133, '1040  The Traveling Judges Problem ★');
INSERT INTO exercise (id, chapter, subchapter, topic, text) VALUES (1433, 8, 34, 133, '1079  A Careful Approach');
INSERT INTO exercise (id, chapter, subchapter, topic, text) VALUES (1434, 8, 34, 133, '1093  Castles');
INSERT INTO exercise (id, chapter, subchapter, topic, text) VALUES (1435, 8, 34, 133, '1250  Robot Challenge');
INSERT INTO exercise (id, chapter, subchapter, topic, text) VALUES (1436, 8, 34, 133, '10856  Recover Factorial');
INSERT INTO exercise (id, chapter, subchapter, topic, text) VALUES (1437, 8, 34, 133, '10876  Factory Robot');
INSERT INTO exercise (id, chapter, subchapter, topic, text) VALUES (1438, 8, 34, 133, '11610  Reverse Prime ★');
INSERT INTO subchapter (id, chapter, text) VALUES (35, 8, 'More Advanced DP Techniques');
INSERT INTO topic (id, subchapter, text) VALUES (134, 35, 'DP level 2');
INSERT INTO exercise (id, chapter, subchapter, topic, text) VALUES (1439, 8, 35, 134, '1172  The Bridges of Kolsberg ★');
INSERT INTO exercise (id, chapter, subchapter, topic, text) VALUES (1440, 8, 35, 134, '1211  Atomic Car Race ★');
INSERT INTO exercise (id, chapter, subchapter, topic, text) VALUES (1441, 8, 35, 134, '10069  Distinct Subsequences');
INSERT INTO exercise (id, chapter, subchapter, topic, text) VALUES (1442, 8, 35, 134, '10081  Tight Words');
INSERT INTO exercise (id, chapter, subchapter, topic, text) VALUES (1443, 8, 35, 134, '10364  Square');
INSERT INTO exercise (id, chapter, subchapter, topic, text) VALUES (1444, 8, 35, 134, '10419  Sum-up the Primes');
INSERT INTO exercise (id, chapter, subchapter, topic, text) VALUES (1445, 8, 35, 134, '10536  Game of Euler');
INSERT INTO exercise (id, chapter, subchapter, topic, text) VALUES (1446, 8, 35, 134, '10651  Pebble Solitaire');
INSERT INTO exercise (id, chapter, subchapter, topic, text) VALUES (1447, 8, 35, 134, '10690  Expression Again');
INSERT INTO exercise (id, chapter, subchapter, topic, text) VALUES (1448, 8, 35, 134, '10898  Combo Deal');
INSERT INTO exercise (id, chapter, subchapter, topic, text) VALUES (1449, 8, 35, 134, '10911  Forming Quiz Teams ★');
INSERT INTO exercise (id, chapter, subchapter, topic, text) VALUES (1450, 8, 35, 134, '11088  End up with More Teams');
INSERT INTO exercise (id, chapter, subchapter, topic, text) VALUES (1451, 8, 35, 134, '11832  Account Book');
INSERT INTO exercise (id, chapter, subchapter, topic, text) VALUES (1452, 8, 35, 134, '11218  KTV');
INSERT INTO exercise (id, chapter, subchapter, topic, text) VALUES (1453, 8, 35, 134, '12324  Philip J. Fry Problem');
INSERT INTO topic (id, subchapter, text) VALUES (135, 35, 'DP level 3');
INSERT INTO exercise (id, chapter, subchapter, topic, text) VALUES (1454, 8, 35, 135, '607  Scheduling Lectures');
INSERT INTO exercise (id, chapter, subchapter, topic, text) VALUES (1455, 8, 35, 135, '702  The Vindictive Coach');
INSERT INTO exercise (id, chapter, subchapter, topic, text) VALUES (1456, 8, 35, 135, '812  Trade on Verweggistan');
INSERT INTO exercise (id, chapter, subchapter, topic, text) VALUES (1457, 8, 35, 135, '882  The Mailbox Manufacturers Problem');
INSERT INTO exercise (id, chapter, subchapter, topic, text) VALUES (1458, 8, 35, 135, '1231  ACORN ★');
INSERT INTO exercise (id, chapter, subchapter, topic, text) VALUES (1459, 8, 35, 135, '1238  Free Parentheses ★');
INSERT INTO exercise (id, chapter, subchapter, topic, text) VALUES (1460, 8, 35, 135, '1240  ICPC Team Strategy');
INSERT INTO exercise (id, chapter, subchapter, topic, text) VALUES (1461, 8, 35, 135, '1244  Palindromic paths');
INSERT INTO exercise (id, chapter, subchapter, topic, text) VALUES (1462, 8, 35, 135, '10029  Edit Step Ladders');
INSERT INTO exercise (id, chapter, subchapter, topic, text) VALUES (1463, 8, 35, 135, '10032  Tug of War');
INSERT INTO exercise (id, chapter, subchapter, topic, text) VALUES (1464, 8, 35, 135, '10154  Weights and Measures');
INSERT INTO exercise (id, chapter, subchapter, topic, text) VALUES (1465, 8, 35, 135, '10163  Storage Keepers');
INSERT INTO exercise (id, chapter, subchapter, topic, text) VALUES (1466, 8, 35, 135, '10164  Number Game');
INSERT INTO exercise (id, chapter, subchapter, topic, text) VALUES (1467, 8, 35, 135, '10271  Chopsticks');
INSERT INTO exercise (id, chapter, subchapter, topic, text) VALUES (1468, 8, 35, 135, '10304  Optimal Binary Search Tree');
INSERT INTO exercise (id, chapter, subchapter, topic, text) VALUES (1469, 8, 35, 135, '10604  Chemical Reaction');
INSERT INTO exercise (id, chapter, subchapter, topic, text) VALUES (1470, 8, 35, 135, '10645  Menu');
INSERT INTO exercise (id, chapter, subchapter, topic, text) VALUES (1471, 8, 35, 135, '10817  Headmaster''s Headache');
INSERT INTO exercise (id, chapter, subchapter, topic, text) VALUES (1472, 8, 35, 135, '11002  Towards Zero');
INSERT INTO exercise (id, chapter, subchapter, topic, text) VALUES (1473, 8, 35, 135, '11084  Anagram Division');
INSERT INTO exercise (id, chapter, subchapter, topic, text) VALUES (1474, 8, 35, 135, '11285  Exchange Rates');
INSERT INTO exercise (id, chapter, subchapter, topic, text) VALUES (1475, 8, 35, 135, '11391  Blobs in the Board ★');
INSERT INTO exercise (id, chapter, subchapter, topic, text) VALUES (1476, 8, 35, 135, '12030  Help the Winners');
INSERT INTO topic (id, subchapter, text) VALUES (136, 35, 'DP level 4');
INSERT INTO exercise (id, chapter, subchapter, topic, text) VALUES (1477, 8, 35, 136, '473  Raucous Rockers');
INSERT INTO exercise (id, chapter, subchapter, topic, text) VALUES (1478, 8, 35, 136, '1099  Sharing Chocolate ★');
INSERT INTO exercise (id, chapter, subchapter, topic, text) VALUES (1479, 8, 35, 136, '1220  Party at Hali-Bula ★');
INSERT INTO exercise (id, chapter, subchapter, topic, text) VALUES (1480, 8, 35, 136, '1222  Bribing FIPA');
INSERT INTO exercise (id, chapter, subchapter, topic, text) VALUES (1481, 8, 35, 136, '1252  Twenty Questions ★');
INSERT INTO exercise (id, chapter, subchapter, topic, text) VALUES (1482, 8, 35, 136, '10149  Yahtzee');
INSERT INTO exercise (id, chapter, subchapter, topic, text) VALUES (1483, 8, 35, 136, '10482  The Candyman Can');
INSERT INTO exercise (id, chapter, subchapter, topic, text) VALUES (1484, 8, 35, 136, '10626  Buying Coke');
INSERT INTO exercise (id, chapter, subchapter, topic, text) VALUES (1485, 8, 35, 136, '10722  Super Lucky Numbers');
INSERT INTO exercise (id, chapter, subchapter, topic, text) VALUES (1486, 8, 35, 136, '11125  Arrange Some Marbles');
INSERT INTO exercise (id, chapter, subchapter, topic, text) VALUES (1487, 8, 35, 136, '11133  Eigensequence');
INSERT INTO exercise (id, chapter, subchapter, topic, text) VALUES (1488, 8, 35, 136, '11432  Busy Programmer');
INSERT INTO exercise (id, chapter, subchapter, topic, text) VALUES (1489, 8, 35, 136, '11472  Beautiful Numbers');
INSERT INTO chapter (id, text) VALUES (9, 'Capitulo 09');
INSERT INTO subchapter (id, chapter, text) VALUES (36, 9, 'Rare Algorithms');
INSERT INTO topic (id, subchapter, text) VALUES (137, 36, 'Dinic''s Algorithm');
INSERT INTO exercise (id, chapter, subchapter, topic, text) VALUES (1490, 9, 36, 137, '11167  Monkeys in the Emei Mountain ★');
INSERT INTO topic (id, subchapter, text) VALUES (138, 36, 'Formulas or Theorems');
INSERT INTO exercise (id, chapter, subchapter, topic, text) VALUES (1491, 9, 36, 138, '10088  Trees on My Island');
INSERT INTO exercise (id, chapter, subchapter, topic, text) VALUES (1492, 9, 36, 138, '10178  Count the Faces.');
INSERT INTO exercise (id, chapter, subchapter, topic, text) VALUES (1493, 9, 36, 138, '10213  How Many Pieces of Land ? ★');
INSERT INTO exercise (id, chapter, subchapter, topic, text) VALUES (1494, 9, 36, 138, '10720  Graph Construction ★');
INSERT INTO exercise (id, chapter, subchapter, topic, text) VALUES (1495, 9, 36, 138, '10843  Anne''s game');
INSERT INTO exercise (id, chapter, subchapter, topic, text) VALUES (1496, 9, 36, 138, '11414  Dream');
INSERT INTO exercise (id, chapter, subchapter, topic, text) VALUES (1497, 9, 36, 138, '11719  Gridland Airports ★');
INSERT INTO topic (id, subchapter, text) VALUES (139, 36, 'Gaussian Elimination');
INSERT INTO exercise (id, chapter, subchapter, topic, text) VALUES (1498, 9, 36, 139, '11319  Stupid Sequence ★');
INSERT INTO topic (id, subchapter, text) VALUES (140, 36, 'Great-Circle Distance');
INSERT INTO exercise (id, chapter, subchapter, topic, text) VALUES (1499, 9, 36, 140, '535  Globetrotter ★');
INSERT INTO exercise (id, chapter, subchapter, topic, text) VALUES (1500, 9, 36, 140, '10316  Airline Hub ★');
INSERT INTO exercise (id, chapter, subchapter, topic, text) VALUES (1501, 9, 36, 140, '10897  Travelling Distance');
INSERT INTO exercise (id, chapter, subchapter, topic, text) VALUES (1502, 9, 36, 140, '11817  Tunnelling the Earth ★');
INSERT INTO topic (id, subchapter, text) VALUES (141, 36, 'Hopcroft Karp''s Algorithm');
INSERT INTO exercise (id, chapter, subchapter, topic, text) VALUES (1503, 9, 36, 141, '11138  Nuts and Bolts ★');
INSERT INTO topic (id, subchapter, text) VALUES (142, 36, 'Kosaraju''s Algorithm');
INSERT INTO exercise (id, chapter, subchapter, topic, text) VALUES (1504, 9, 36, 142, '11838  Come and Go ★');
INSERT INTO topic (id, subchapter, text) VALUES (143, 36, 'Matrix Power');
INSERT INTO exercise (id, chapter, subchapter, topic, text) VALUES (1505, 9, 36, 143, '10229  Modular Fibonacci');
INSERT INTO exercise (id, chapter, subchapter, topic, text) VALUES (1506, 9, 36, 143, '10518  How Many Calls? ★');
INSERT INTO exercise (id, chapter, subchapter, topic, text) VALUES (1507, 9, 36, 143, '10655  Contemplation! Algebra ★');
INSERT INTO exercise (id, chapter, subchapter, topic, text) VALUES (1508, 9, 36, 143, '10870  Recurrences');
INSERT INTO exercise (id, chapter, subchapter, topic, text) VALUES (1509, 9, 36, 143, '11486  Finding Paths in Grid ★');
INSERT INTO exercise (id, chapter, subchapter, topic, text) VALUES (1510, 9, 36, 143, '12470  Tribonacci');
INSERT INTO topic (id, subchapter, text) VALUES (144, 36, 'Pollard''s rho Integer Factoring Algorithm');
INSERT INTO exercise (id, chapter, subchapter, topic, text) VALUES (1511, 9, 36, 144, '11476  Factorizing Larget Integers ★');
INSERT INTO topic (id, subchapter, text) VALUES (145, 36, 'Sliding Window');
INSERT INTO exercise (id, chapter, subchapter, topic, text) VALUES (1512, 9, 36, 145, '1121  Subsequence ★');
INSERT INTO exercise (id, chapter, subchapter, topic, text) VALUES (1513, 9, 36, 145, '11536  Smallest Sub-Array ★');
INSERT INTO subchapter (id, chapter, text) VALUES (37, 9, 'Rare Problems');
INSERT INTO topic (id, subchapter, text) VALUES (146, 37, '2-SAT Problem');
INSERT INTO exercise (id, chapter, subchapter, topic, text) VALUES (1514, 9, 37, 146, '10319  Manhattan ★');
INSERT INTO topic (id, subchapter, text) VALUES (147, 37, 'Art Gallery Problem');
INSERT INTO exercise (id, chapter, subchapter, topic, text) VALUES (1515, 9, 37, 147, '588  Video Surveillance ★');
INSERT INTO exercise (id, chapter, subchapter, topic, text) VALUES (1516, 9, 37, 147, '10078  The Art Gallery ★');
INSERT INTO exercise (id, chapter, subchapter, topic, text) VALUES (1517, 9, 37, 147, '10243  Fire! Fire!! Fire!!! ★');
INSERT INTO topic (id, subchapter, text) VALUES (148, 37, 'Bitonic TSP');
INSERT INTO exercise (id, chapter, subchapter, topic, text) VALUES (1518, 9, 37, 148, '1096  The Islands ★');
INSERT INTO exercise (id, chapter, subchapter, topic, text) VALUES (1519, 9, 37, 148, '1347  Tour ★');
INSERT INTO topic (id, subchapter, text) VALUES (149, 37, 'Bracket Matching');
INSERT INTO exercise (id, chapter, subchapter, topic, text) VALUES (1520, 9, 37, 149, '551  Nesting a Bunch of Brackets ★');
INSERT INTO exercise (id, chapter, subchapter, topic, text) VALUES (1521, 9, 37, 149, '673  Parentheses Balance ★');
INSERT INTO exercise (id, chapter, subchapter, topic, text) VALUES (1522, 9, 37, 149, '11111  Generalized Matrioshkas ★');
INSERT INTO topic (id, subchapter, text) VALUES (150, 37, 'Chinese Postman Problem');
INSERT INTO exercise (id, chapter, subchapter, topic, text) VALUES (1523, 9, 37, 150, '10296  Jogging Trails ★');
INSERT INTO topic (id, subchapter, text) VALUES (151, 37, 'Closest Pair Problem');
INSERT INTO exercise (id, chapter, subchapter, topic, text) VALUES (1524, 9, 37, 151, '10245  The Closest Pair Problem ★');
INSERT INTO exercise (id, chapter, subchapter, topic, text) VALUES (1525, 9, 37, 151, '11378  Bey Battle ★');
INSERT INTO topic (id, subchapter, text) VALUES (152, 37, 'Graph Matching (non-bipartite)');
INSERT INTO exercise (id, chapter, subchapter, topic, text) VALUES (1526, 9, 37, 152, '11439  Maximizing the ICPC ★');
INSERT INTO topic (id, subchapter, text) VALUES (153, 37, 'Independent and Edge Disjoint Paths');
INSERT INTO exercise (id, chapter, subchapter, topic, text) VALUES (1527, 9, 37, 153, '563  Crimewave ★');
INSERT INTO exercise (id, chapter, subchapter, topic, text) VALUES (1528, 9, 37, 153, '1242  Necklace ★');
INSERT INTO topic (id, subchapter, text) VALUES (154, 37, 'Inversion Index');
INSERT INTO exercise (id, chapter, subchapter, topic, text) VALUES (1529, 9, 37, 154, '299  Train Swapping');
INSERT INTO exercise (id, chapter, subchapter, topic, text) VALUES (1530, 9, 37, 154, '612  DNA Sorting ★');
INSERT INTO exercise (id, chapter, subchapter, topic, text) VALUES (1531, 9, 37, 154, '10327  Flip Sort ★');
INSERT INTO exercise (id, chapter, subchapter, topic, text) VALUES (1532, 9, 37, 154, '10810  Ultra-QuickSort');
INSERT INTO exercise (id, chapter, subchapter, topic, text) VALUES (1533, 9, 37, 154, '11495  Bubbles and Buckets');
INSERT INTO exercise (id, chapter, subchapter, topic, text) VALUES (1534, 9, 37, 154, '11858  Frosh Week ★');
INSERT INTO topic (id, subchapter, text) VALUES (155, 37, 'Josephus Problem');
INSERT INTO exercise (id, chapter, subchapter, topic, text) VALUES (1535, 9, 37, 155, '130  Roman Roulette');
INSERT INTO exercise (id, chapter, subchapter, topic, text) VALUES (1536, 9, 37, 155, '133  The Dole Queue');
INSERT INTO exercise (id, chapter, subchapter, topic, text) VALUES (1537, 9, 37, 155, '151  Power Crisis');
INSERT INTO exercise (id, chapter, subchapter, topic, text) VALUES (1538, 9, 37, 155, '305  Joseph');
INSERT INTO exercise (id, chapter, subchapter, topic, text) VALUES (1539, 9, 37, 155, '402  M*A*S*H');
INSERT INTO exercise (id, chapter, subchapter, topic, text) VALUES (1540, 9, 37, 155, '440  Eeny Meeny Moo');
INSERT INTO exercise (id, chapter, subchapter, topic, text) VALUES (1541, 9, 37, 155, '10015  Joseph''s Cousin');
INSERT INTO exercise (id, chapter, subchapter, topic, text) VALUES (1542, 9, 37, 155, '10771  Barbarian tribes ★');
INSERT INTO exercise (id, chapter, subchapter, topic, text) VALUES (1543, 9, 37, 155, '10774  Repeated Josephus ★');
INSERT INTO exercise (id, chapter, subchapter, topic, text) VALUES (1544, 9, 37, 155, '11351  Last Man Standing ★');
INSERT INTO topic (id, subchapter, text) VALUES (156, 37, 'Knight Moves');
INSERT INTO exercise (id, chapter, subchapter, topic, text) VALUES (1545, 9, 37, 156, '439  Knight Moves ★');
INSERT INTO exercise (id, chapter, subchapter, topic, text) VALUES (1546, 9, 37, 156, '11643  Knight Tour ★');
INSERT INTO topic (id, subchapter, text) VALUES (157, 37, 'Lowest Common Ancestor');
INSERT INTO exercise (id, chapter, subchapter, topic, text) VALUES (1547, 9, 37, 157, '10938  Flea circus ★');
INSERT INTO exercise (id, chapter, subchapter, topic, text) VALUES (1548, 9, 37, 157, '12238  Ants Colony ★');
INSERT INTO topic (id, subchapter, text) VALUES (158, 37, 'Magic Square Construction (odd size)');
INSERT INTO exercise (id, chapter, subchapter, topic, text) VALUES (1549, 9, 37, 158, '1266  Magic Square ★');
INSERT INTO topic (id, subchapter, text) VALUES (159, 37, 'Matrix Chain Multiplication');
INSERT INTO exercise (id, chapter, subchapter, topic, text) VALUES (1550, 9, 37, 159, '348  Optimal Array Multiplication Sequence ★');
INSERT INTO topic (id, subchapter, text) VALUES (160, 37, 'Min Cost (Max) Flow');
INSERT INTO exercise (id, chapter, subchapter, topic, text) VALUES (1551, 9, 37, 160, '10594  Data Flow');
INSERT INTO exercise (id, chapter, subchapter, topic, text) VALUES (1552, 9, 37, 160, '10746  Crime Wave - The Sequel ★');
INSERT INTO exercise (id, chapter, subchapter, topic, text) VALUES (1553, 9, 37, 160, '10806  Dijkstra, Dijkstra.');
INSERT INTO exercise (id, chapter, subchapter, topic, text) VALUES (1554, 9, 37, 160, '10888  Warehouse ★');
INSERT INTO exercise (id, chapter, subchapter, topic, text) VALUES (1555, 9, 37, 160, '11301  Great Wall of China ★');
INSERT INTO topic (id, subchapter, text) VALUES (161, 37, 'Min Path Cover on DAG');
INSERT INTO exercise (id, chapter, subchapter, topic, text) VALUES (1556, 9, 37, 161, '1184  Air Raid ★');
INSERT INTO exercise (id, chapter, subchapter, topic, text) VALUES (1557, 9, 37, 161, '1201  Taxi Cab Scheme ★');
INSERT INTO topic (id, subchapter, text) VALUES (162, 37, 'Pancake Sorting');
INSERT INTO exercise (id, chapter, subchapter, topic, text) VALUES (1558, 9, 37, 162, '120  Stacks of Flapjacks ★');
INSERT INTO topic (id, subchapter, text) VALUES (163, 37, 'Postfix Calculator and Conversion');
INSERT INTO exercise (id, chapter, subchapter, topic, text) VALUES (1559, 9, 37, 163, '727  Equation ★');
INSERT INTO topic (id, subchapter, text) VALUES (164, 37, 'Roman Numerals');
INSERT INTO exercise (id, chapter, subchapter, topic, text) VALUES (1560, 9, 37, 164, '344  Roman Digititis ★');
INSERT INTO exercise (id, chapter, subchapter, topic, text) VALUES (1561, 9, 37, 164, '759  The Return of the Roman Empire');
INSERT INTO exercise (id, chapter, subchapter, topic, text) VALUES (1562, 9, 37, 164, '11616  Roman Numerals ★');
INSERT INTO exercise (id, chapter, subchapter, topic, text) VALUES (1563, 9, 37, 164, '12397  Roman Numerals ★');
INSERT INTO topic (id, subchapter, text) VALUES (165, 37, 'Sorting in Linear Time');
INSERT INTO exercise (id, chapter, subchapter, topic, text) VALUES (1564, 9, 37, 165, '11462  Age Sort ★');
INSERT INTO topic (id, subchapter, text) VALUES (166, 37, 'Tower of Hanoi');
INSERT INTO exercise (id, chapter, subchapter, topic, text) VALUES (1565, 9, 37, 166, '10017  The Never Ending Towers of Hanoi ★');
